data,commodity,preco,fonte,coletado_em
2025-01-02,milho,70.5,NA · Milho CMA · Passo Fundo/RS,2026-07-13T14:41:43
2025-01-02,soja,125.0,NA · Sindicatos e Cooperativas · Não-Me-Toque/RS,2026-07-13T14:41:44
2025-01-02,trigo,65.0,NA · Trigo Mercado Físico · Não-Me-Toque/RS,2026-07-13T14:41:45
2025-01-03,milho,70.5,NA · Milho CMA · Passo Fundo/RS,2026-07-13T14:41:46
2025-01-03,soja,125.0,NA · Sindicatos e Cooperativas · Não-Me-Toque/RS,2026-07-13T14:41:47
2025-01-03,trigo,65.0,NA · Trigo Mercado Físico · Não-Me-Toque/RS,2026-07-13T14:41:48
2025-01-06,milho,71.0,NA · Milho CMA · Passo Fundo/RS,2026-07-13T14:41:48
2025-01-06,soja,125.0,NA · Sindicatos e Cooperativas · Não-Me-Toque/RS,2026-07-13T14:41:49
2025-01-06,trigo,65.0,NA · Trigo Mercado Físico · Não-Me-Toque/RS,2026-07-13T14:41:50
2025-01-07,milho,71.0,NA · Milho CMA · Passo Fundo/RS,2026-07-13T14:41:51
2025-01-07,soja,125.0,NA · Sindicatos e Cooperativas · Não-Me-Toque/RS,2026-07-13T14:41:53
2025-01-07,trigo,65.0,NA · Trigo Mercado Físico · Não-Me-Toque/RS,2026-07-13T14:41:54
2025-01-08,milho,71.0,NA · Milho CMA · Passo Fundo/RS,2026-07-13T14:41:54
2025-01-08,soja,125.0,NA · Sindicatos e Cooperativas · Não-Me-Toque/RS,2026-07-13T14:41:55
2025-01-08,trigo,65.0,NA · Trigo Mercado Físico · Não-Me-Toque/RS,2026-07-13T14:41:56
2025-01-09,milho,71.0,NA · Milho CMA · Passo Fundo/RS,2026-07-13T14:41:57
2025-01-09,soja,125.0,NA · Sindicatos e Cooperativas · Não-Me-Toque/RS,2026-07-13T14:41:58
2025-01-09,trigo,65.0,NA · Trigo Mercado Físico · Não-Me-Toque/RS,2026-07-13T14:41:59
2025-01-10,milho,71.0,NA · Milho CMA · Passo Fundo/RS,2026-07-13T14:42:00
2025-01-10,soja,125.0,NA · Sindicatos e Cooperativas · Não-Me-Toque/RS,2026-07-13T14:42:00
2025-01-10,trigo,65.0,NA · Trigo Mercado Físico · Não-Me-Toque/RS,2026-07-13T14:42:01
2025-01-13,milho,72.0,NA · Milho CMA · Passo Fundo/RS,2026-07-13T14:42:02
2025-01-13,soja,127.0,NA · Sindicatos e Cooperativas · Não-Me-Toque/RS,2026-07-13T14:42:03
2025-01-13,trigo,65.0,NA · Trigo Mercado Físico · Não-Me-Toque/RS,2026-07-13T14:42:04
2025-01-14,milho,73.0,NA · Milho CMA · Passo Fundo/RS,2026-07-13T14:42:05
2025-01-14,soja,127.0,NA · Sindicatos e Cooperativas · Não-Me-Toque/RS,2026-07-13T14:42:06
2025-01-14,trigo,65.0,NA · Trigo Mercado Físico · Não-Me-Toque/RS,2026-07-13T14:42:06
2025-01-15,milho,73.0,NA · Milho CMA · Passo Fundo/RS,2026-07-13T14:42:07
2025-01-15,soja,127.0,NA · Sindicatos e Cooperativas · Não-Me-Toque/RS,2026-07-13T14:42:08
2025-01-15,trigo,65.0,NA · Trigo Mercado Físico · Não-Me-Toque/RS,2026-07-13T14:42:09
2025-01-16,milho,73.0,NA · Milho CMA · Passo Fundo/RS,2026-07-13T14:42:10
2025-01-16,soja,126.0,NA · Sindicatos e Cooperativas · Não-Me-Toque/RS,2026-07-13T14:42:11
2025-01-16,trigo,65.0,NA · Trigo Mercado Físico · Não-Me-Toque/RS,2026-07-13T14:42:11
2025-01-17,milho,73.0,NA · Milho CMA · Passo Fundo/RS,2026-07-13T14:42:12
2025-01-17,soja,126.0,NA · Sindicatos e Cooperativas · Não-Me-Toque/RS,2026-07-13T14:42:13
2025-01-17,trigo,66.0,NA · Trigo Mercado Físico · Não-Me-Toque/RS,2026-07-13T14:42:14
2025-01-20,milho,73.0,NA · Milho CMA · Passo Fundo/RS,2026-07-13T14:42:15
2025-01-20,soja,126.0,NA · Sindicatos e Cooperativas · Não-Me-Toque/RS,2026-07-13T14:42:16
2025-01-20,trigo,65.0,NA · Trigo Mercado Físico · Não-Me-Toque/RS,2026-07-13T14:42:17
2025-01-21,milho,73.0,NA · Milho CMA · Passo Fundo/RS,2026-07-13T14:42:17
2025-01-21,soja,128.0,NA · Sindicatos e Cooperativas · Não-Me-Toque/RS,2026-07-13T14:42:18
2025-01-21,trigo,65.0,NA · Trigo Mercado Físico · Não-Me-Toque/RS,2026-07-13T14:42:19
2025-01-22,milho,73.0,NA · Milho CMA · Passo Fundo/RS,2026-07-13T14:42:20
2025-01-22,soja,127.0,NA · Sindicatos e Cooperativas · Não-Me-Toque/RS,2026-07-13T14:42:21
2025-01-22,trigo,65.0,NA · Trigo Mercado Físico · Não-Me-Toque/RS,2026-07-13T14:42:22
2025-01-23,milho,74.0,NA · Milho CMA · Passo Fundo/RS,2026-07-13T14:42:23
2025-01-23,soja,127.0,NA · Sindicatos e Cooperativas · Não-Me-Toque/RS,2026-07-13T14:42:23
2025-01-23,trigo,66.0,NA · Trigo Mercado Físico · Não-Me-Toque/RS,2026-07-13T14:42:24
2025-01-24,milho,74.0,NA · Milho CMA · Passo Fundo/RS,2026-07-13T14:42:25
2025-01-24,soja,126.0,NA · Sindicatos e Cooperativas · Não-Me-Toque/RS,2026-07-13T14:42:26
2025-01-24,trigo,66.0,NA · Trigo Mercado Físico · Não-Me-Toque/RS,2026-07-13T14:42:27
2025-01-27,milho,74.0,NA · Milho CMA · Passo Fundo/RS,2026-07-13T14:42:28
2025-01-27,soja,124.0,NA · Sindicatos e Cooperativas · Não-Me-Toque/RS,2026-07-13T14:42:29
2025-01-27,trigo,66.0,NA · Trigo Mercado Físico · Não-Me-Toque/RS,2026-07-13T14:42:29
2025-01-28,milho,73.0,NA · Milho CMA · Passo Fundo/RS,2026-07-13T14:42:30
2025-01-28,soja,123.0,NA · Sindicatos e Cooperativas · Não-Me-Toque/RS,2026-07-13T14:42:31
2025-01-28,trigo,66.0,NA · Trigo Mercado Físico · Não-Me-Toque/RS,2026-07-13T14:42:32
2025-01-29,milho,73.0,NA · Milho CMA · Passo Fundo/RS,2026-07-13T14:42:33
2025-01-29,soja,123.0,NA · Sindicatos e Cooperativas · Não-Me-Toque/RS,2026-07-13T14:42:34
2025-01-29,trigo,66.0,NA · Trigo Mercado Físico · Não-Me-Toque/RS,2026-07-13T14:42:35
2025-01-30,milho,73.0,NA · Milho CMA · Passo Fundo/RS,2026-07-13T14:42:35
2025-01-30,soja,123.0,NA · Sindicatos e Cooperativas · Não-Me-Toque/RS,2026-07-13T14:42:36
2025-01-30,trigo,66.0,NA · Trigo Mercado Físico · Não-Me-Toque/RS,2026-07-13T14:42:37
2025-01-31,milho,73.0,NA · Milho CMA · Passo Fundo/RS,2026-07-13T14:42:38
2025-01-31,soja,123.0,NA · Sindicatos e Cooperativas · Não-Me-Toque/RS,2026-07-13T14:42:39
2025-01-31,trigo,66.0,NA · Trigo Mercado Físico · Não-Me-Toque/RS,2026-07-13T14:42:40
2025-02-03,milho,73.0,NA · Milho CMA · Passo Fundo/RS,2026-07-13T14:42:40
2025-02-03,soja,124.0,NA · Sindicatos e Cooperativas · Não-Me-Toque/RS,2026-07-13T14:42:41
2025-02-03,trigo,67.0,NA · Trigo Mercado Físico · Não-Me-Toque/RS,2026-07-13T14:42:42
2025-02-04,milho,72.0,NA · Milho CMA · Passo Fundo/RS,2026-07-13T14:42:43
2025-02-04,soja,124.0,NA · Sindicatos e Cooperativas · Não-Me-Toque/RS,2026-07-13T14:42:44
2025-02-04,trigo,67.0,NA · Trigo Mercado Físico · Não-Me-Toque/RS,2026-07-13T14:42:45
2025-02-05,milho,72.0,NA · Milho CMA · Passo Fundo/RS,2026-07-13T14:42:46
2025-02-05,soja,124.0,NA · Sindicatos e Cooperativas · Não-Me-Toque/RS,2026-07-13T14:42:46
2025-02-05,trigo,67.0,NA · Trigo Mercado Físico · Não-Me-Toque/RS,2026-07-13T14:42:47
2025-02-06,milho,72.0,NA · Milho CMA · Passo Fundo/RS,2026-07-13T14:42:48
2025-02-06,soja,124.0,NA · Sindicatos e Cooperativas · Não-Me-Toque/RS,2026-07-13T14:42:49
2025-02-06,trigo,68.0,NA · Trigo Mercado Físico · Não-Me-Toque/RS,2026-07-13T14:42:50
2025-02-07,milho,73.0,NA · Milho CMA · Passo Fundo/RS,2026-07-13T14:42:51
2025-02-07,soja,124.0,NA · Sindicatos e Cooperativas · Não-Me-Toque/RS,2026-07-13T14:42:52
2025-02-07,trigo,68.0,NA · Trigo Mercado Físico · Não-Me-Toque/RS,2026-07-13T14:42:53
2025-02-10,milho,73.0,NA · Milho CMA · Passo Fundo/RS,2026-07-13T14:42:54
2025-02-10,soja,124.0,NA · Sindicatos e Cooperativas · Não-Me-Toque/RS,2026-07-13T14:42:55
2025-02-10,trigo,68.0,NA · Trigo Mercado Físico · Não-Me-Toque/RS,2026-07-13T14:42:56
2025-02-11,milho,71.0,NA · Milho CMA · Passo Fundo/RS,2026-07-13T14:42:56
2025-02-11,soja,124.0,NA · Sindicatos e Cooperativas · Não-Me-Toque/RS,2026-07-13T14:42:57
2025-02-11,trigo,68.0,NA · Trigo Mercado Físico · Não-Me-Toque/RS,2026-07-13T14:42:58
2025-02-12,milho,71.0,NA · Milho CMA · Passo Fundo/RS,2026-07-13T14:42:59
2025-02-12,soja,124.0,NA · Sindicatos e Cooperativas · Não-Me-Toque/RS,2026-07-13T14:43:00
2025-02-12,trigo,68.0,NA · Trigo Mercado Físico · Não-Me-Toque/RS,2026-07-13T14:43:01
2025-02-13,milho,71.0,NA · Milho CMA · Passo Fundo/RS,2026-07-13T14:43:02
2025-02-13,soja,124.0,NA · Sindicatos e Cooperativas · Não-Me-Toque/RS,2026-07-13T14:43:02
2025-02-13,trigo,68.0,NA · Trigo Mercado Físico · Não-Me-Toque/RS,2026-07-13T14:43:03
2025-02-14,milho,71.0,NA · Milho CMA · Passo Fundo/RS,2026-07-13T14:43:04
2025-02-14,soja,124.0,NA · Sindicatos e Cooperativas · Não-Me-Toque/RS,2026-07-13T14:43:05
2025-02-14,trigo,68.0,NA · Trigo Mercado Físico · Não-Me-Toque/RS,2026-07-13T14:43:06
2025-02-17,milho,71.0,NA · Milho CMA · Passo Fundo/RS,2026-07-13T14:43:07
2025-02-17,soja,123.0,NA · Sindicatos e Cooperativas · Não-Me-Toque/RS,2026-07-13T14:43:08
2025-02-17,trigo,68.0,NA · Trigo Mercado Físico · Não-Me-Toque/RS,2026-07-13T14:43:09
2025-02-18,milho,73.0,NA · Milho CMA · Passo Fundo/RS,2026-07-13T14:43:09
2025-02-18,soja,124.0,NA · Sindicatos e Cooperativas · Não-Me-Toque/RS,2026-07-13T14:43:10
2025-02-18,trigo,69.0,NA · Trigo Mercado Físico · Não-Me-Toque/RS,2026-07-13T14:43:11
2025-02-19,milho,73.0,NA · Milho CMA · Passo Fundo/RS,2026-07-13T14:43:12
2025-02-19,soja,124.0,NA · Sindicatos e Cooperativas · Não-Me-Toque/RS,2026-07-13T14:43:13
2025-02-19,trigo,69.0,NA · Trigo Mercado Físico · Não-Me-Toque/RS,2026-07-13T14:43:14
2025-02-20,milho,73.0,NA · Milho CMA · Passo Fundo/RS,2026-07-13T14:43:15
2025-02-20,soja,124.0,NA · Sindicatos e Cooperativas · Não-Me-Toque/RS,2026-07-13T14:43:16
2025-02-20,trigo,69.0,NA · Trigo Mercado Físico · Não-Me-Toque/RS,2026-07-13T14:43:16
2025-02-21,milho,73.0,NA · Milho CMA · Passo Fundo/RS,2026-07-13T14:43:17
2025-02-21,soja,124.0,NA · Sindicatos e Cooperativas · Não-Me-Toque/RS,2026-07-13T14:43:18
2025-02-21,trigo,69.0,NA · Trigo Mercado Físico · Não-Me-Toque/RS,2026-07-13T14:43:20
2025-02-24,milho,73.0,NA · Milho CMA · Passo Fundo/RS,2026-07-13T14:43:21
2025-02-24,soja,124.0,NA · Sindicatos e Cooperativas · Não-Me-Toque/RS,2026-07-13T14:43:22
2025-02-24,trigo,69.0,NA · Trigo Mercado Físico · Não-Me-Toque/RS,2026-07-13T14:43:23
2025-02-25,milho,73.0,NA · Milho CMA · Passo Fundo/RS,2026-07-13T14:43:24
2025-02-25,soja,124.0,NA · Sindicatos e Cooperativas · Não-Me-Toque/RS,2026-07-13T14:43:25
2025-02-25,trigo,70.0,NA · Trigo Mercado Físico · Não-Me-Toque/RS,2026-07-13T14:43:26
2025-02-26,milho,73.0,NA · Milho CMA · Passo Fundo/RS,2026-07-13T14:43:26
2025-02-26,soja,124.0,NA · Sindicatos e Cooperativas · Não-Me-Toque/RS,2026-07-13T14:43:27
2025-02-26,trigo,70.0,NA · Trigo Mercado Físico · Não-Me-Toque/RS,2026-07-13T14:43:28
2025-02-27,milho,73.0,NA · Milho CMA · Passo Fundo/RS,2026-07-13T14:43:29
2025-02-27,soja,125.0,NA · Sindicatos e Cooperativas · Não-Me-Toque/RS,2026-07-13T14:43:30
2025-02-27,trigo,70.0,NA · Trigo Mercado Físico · Não-Me-Toque/RS,2026-07-13T14:43:31
2025-02-28,milho,73.0,NA · Milho CMA · Passo Fundo/RS,2026-07-13T14:43:32
2025-02-28,soja,125.0,NA · Sindicatos e Cooperativas · Não-Me-Toque/RS,2026-07-13T14:43:33
2025-02-28,trigo,71.0,NA · Trigo Mercado Físico · Não-Me-Toque/RS,2026-07-13T14:43:34
2025-03-05,soja,127.0,NA · Sindicatos e Cooperativas · Não-Me-Toque/RS,2026-07-13T14:43:44
2025-03-05,trigo,71.0,NA · Trigo Mercado Físico · Não-Me-Toque/RS,2026-07-13T14:43:45
2025-03-06,milho,74.0,NA · Milho CMA · Passo Fundo/RS,2026-07-13T14:43:46
2025-03-06,soja,127.0,NA · Sindicatos e Cooperativas · Não-Me-Toque/RS,2026-07-13T14:43:47
2025-03-06,trigo,71.0,NA · Trigo Mercado Físico · Não-Me-Toque/RS,2026-07-13T14:43:48
2025-03-07,milho,75.0,NA · Milho CMA · Passo Fundo/RS,2026-07-13T14:43:48
2025-03-07,soja,127.0,NA · Sindicatos e Cooperativas · Não-Me-Toque/RS,2026-07-13T14:43:49
2025-03-07,trigo,72.0,NA · Trigo Mercado Físico · Não-Me-Toque/RS,2026-07-13T14:43:50
2025-03-10,milho,75.0,NA · Milho CMA · Passo Fundo/RS,2026-07-13T14:41:29
2025-03-10,soja,127.0,NA · Sindicatos e Cooperativas · Não-Me-Toque/RS,2026-07-13T14:40:33
2025-03-10,trigo,72.0,NA · Trigo Mercado Físico · Não-Me-Toque/RS,2026-07-13T14:40:34
2025-03-11,milho,75.0,NA · Milho CMA · Passo Fundo/RS,2026-07-13T14:40:35
2025-03-11,soja,127.0,NA · Sindicatos e Cooperativas · Não-Me-Toque/RS,2026-07-13T14:40:36
2025-03-11,trigo,72.0,NA · Trigo Mercado Físico · Não-Me-Toque/RS,2026-07-13T14:40:36
2025-03-12,milho,75.0,NA · Milho CMA · Passo Fundo/RS,2026-07-13T14:40:37
2025-03-12,soja,127.0,NA · Sindicatos e Cooperativas · Não-Me-Toque/RS,2026-07-13T14:40:38
2025-03-12,trigo,72.0,NA · Trigo Mercado Físico · Não-Me-Toque/RS,2026-07-13T14:40:39
2025-03-13,milho,75.0,NA · Milho CMA · Passo Fundo/RS,2026-07-13T14:40:40
2025-03-13,soja,127.0,NA · Sindicatos e Cooperativas · Não-Me-Toque/RS,2026-07-13T14:40:41
2025-03-13,trigo,73.0,NA · Trigo Mercado Físico · Não-Me-Toque/RS,2026-07-13T14:40:42
2025-03-14,milho,75.0,NA · Milho CMA · Passo Fundo/RS,2026-07-13T14:40:42
2025-03-14,soja,127.0,NA · Sindicatos e Cooperativas · Não-Me-Toque/RS,2026-07-13T14:40:43
2025-03-14,trigo,73.0,NA · Trigo Mercado Físico · Não-Me-Toque/RS,2026-07-13T14:40:44
2025-03-17,milho,75.0,NA · Milho CMA · Passo Fundo/RS,2026-07-13T14:43:51
2025-03-17,soja,127.0,NA · Sindicatos e Cooperativas · Não-Me-Toque/RS,2026-07-13T14:43:52
2025-03-17,trigo,73.0,NA · Trigo Mercado Físico · Não-Me-Toque/RS,2026-07-13T14:43:53
2025-03-18,milho,76.0,NA · Milho CMA · Passo Fundo/RS,2026-07-13T14:43:54
2025-03-18,soja,127.0,NA · Sindicatos e Cooperativas · Não-Me-Toque/RS,2026-07-13T14:43:55
2025-03-18,trigo,73.0,NA · Trigo Mercado Físico · Não-Me-Toque/RS,2026-07-13T14:43:56
2025-03-19,milho,76.0,NA · Milho CMA · Passo Fundo/RS,2026-07-13T14:43:57
2025-03-19,soja,127.0,NA · Sindicatos e Cooperativas · Não-Me-Toque/RS,2026-07-13T14:43:58
2025-03-19,trigo,73.0,NA · Trigo Mercado Físico · Não-Me-Toque/RS,2026-07-13T14:43:58
2025-03-20,milho,76.0,NA · Milho CMA · Passo Fundo/RS,2026-07-13T14:43:59
2025-03-20,soja,126.0,NA · Sindicatos e Cooperativas · Não-Me-Toque/RS,2026-07-13T14:44:00
2025-03-20,trigo,73.0,NA · Trigo Mercado Físico · Não-Me-Toque/RS,2026-07-13T14:44:01
2025-03-21,milho,76.0,NA · Milho CMA · Passo Fundo/RS,2026-07-13T14:44:02
2025-03-21,soja,126.0,NA · Sindicatos e Cooperativas · Não-Me-Toque/RS,2026-07-13T14:44:03
2025-03-21,trigo,73.0,NA · Trigo Mercado Físico · Não-Me-Toque/RS,2026-07-13T14:44:04
2025-03-24,milho,76.0,NA · Milho CMA · Passo Fundo/RS,2026-07-13T14:44:05
2025-03-24,soja,126.0,NA · Sindicatos e Cooperativas · Não-Me-Toque/RS,2026-07-13T14:44:05
2025-03-24,trigo,73.0,NA · Trigo Mercado Físico · Não-Me-Toque/RS,2026-07-13T14:44:06
2025-03-25,milho,79.0,NA · Milho CMA · Passo Fundo/RS,2026-07-13T14:44:07
2025-03-25,soja,126.0,NA · Sindicatos e Cooperativas · Não-Me-Toque/RS,2026-07-13T14:44:08
2025-03-25,trigo,73.0,NA · Trigo Mercado Físico · Não-Me-Toque/RS,2026-07-13T14:44:09
2025-03-26,milho,79.0,NA · Milho CMA · Passo Fundo/RS,2026-07-13T14:44:10
2025-03-26,soja,125.0,NA · Sindicatos e Cooperativas · Não-Me-Toque/RS,2026-07-13T14:44:11
2025-03-26,trigo,73.0,NA · Trigo Mercado Físico · Não-Me-Toque/RS,2026-07-13T14:44:12
2025-03-27,milho,79.0,NA · Milho CMA · Passo Fundo/RS,2026-07-13T14:44:12
2025-03-27,soja,126.0,NA · Sindicatos e Cooperativas · Não-Me-Toque/RS,2026-07-13T14:44:13
2025-03-27,trigo,73.0,NA · Trigo Mercado Físico · Não-Me-Toque/RS,2026-07-13T14:44:14
2025-03-28,milho,79.0,NA · Milho CMA · Passo Fundo/RS,2026-07-13T14:44:15
2025-03-28,soja,126.0,NA · Sindicatos e Cooperativas · Não-Me-Toque/RS,2026-07-13T14:44:16
2025-03-28,trigo,75.0,NA · Trigo Mercado Físico · Não-Me-Toque/RS,2026-07-13T14:44:17
2025-03-31,milho,79.0,NA · Milho CMA · Passo Fundo/RS,2026-07-13T14:44:18
2025-03-31,soja,126.0,NA · Sindicatos e Cooperativas · Não-Me-Toque/RS,2026-07-13T14:44:19
2025-03-31,trigo,75.0,NA · Trigo Mercado Físico · Não-Me-Toque/RS,2026-07-13T14:44:20
2025-04-01,milho,77.0,NA · Milho CMA · Passo Fundo/RS,2026-07-13T14:44:21
2025-04-01,soja,125.0,NA · Sindicatos e Cooperativas · Não-Me-Toque/RS,2026-07-13T14:44:21
2025-04-01,trigo,75.0,NA · Trigo Mercado Físico · Não-Me-Toque/RS,2026-07-13T14:44:22
2025-04-02,milho,77.0,NA · Milho CMA · Passo Fundo/RS,2026-07-13T14:44:23
2025-04-02,soja,125.0,NA · Sindicatos e Cooperativas · Não-Me-Toque/RS,2026-07-13T14:44:24
2025-04-02,trigo,75.0,NA · Trigo Mercado Físico · Não-Me-Toque/RS,2026-07-13T14:44:25
2025-04-03,milho,77.0,NA · Milho CMA · Passo Fundo/RS,2026-07-13T14:44:26
2025-04-03,soja,122.0,NA · Sindicatos e Cooperativas · Não-Me-Toque/RS,2026-07-13T14:44:27
2025-04-03,trigo,75.0,NA · Trigo Mercado Físico · Não-Me-Toque/RS,2026-07-13T14:44:28
2025-04-04,milho,76.0,NA · Milho CMA · Passo Fundo/RS,2026-07-13T14:44:29
2025-04-04,soja,123.0,NA · Sindicatos e Cooperativas · Não-Me-Toque/RS,2026-07-13T14:44:29
2025-04-04,trigo,75.0,NA · Trigo Mercado Físico · Não-Me-Toque/RS,2026-07-13T14:44:30
2025-04-07,milho,76.0,NA · Milho CMA · Passo Fundo/RS,2026-07-13T14:44:31
2025-04-07,soja,123.0,NA · Sindicatos e Cooperativas · Não-Me-Toque/RS,2026-07-13T14:44:32
2025-04-07,trigo,75.0,NA · Trigo Mercado Físico · Não-Me-Toque/RS,2026-07-13T14:44:33
2025-04-08,milho,76.0,NA · Milho CMA · Passo Fundo/RS,2026-07-13T14:44:34
2025-04-08,soja,125.0,NA · Sindicatos e Cooperativas · Não-Me-Toque/RS,2026-07-13T14:44:35
2025-04-08,trigo,75.0,NA · Trigo Mercado Físico · Não-Me-Toque/RS,2026-07-13T14:44:36
2025-04-09,milho,76.0,NA · Milho CMA · Passo Fundo/RS,2026-07-13T14:44:36
2025-04-09,soja,126.0,NA · Sindicatos e Cooperativas · Não-Me-Toque/RS,2026-07-13T14:44:37
2025-04-09,trigo,75.0,NA · Trigo Mercado Físico · Não-Me-Toque/RS,2026-07-13T14:44:38
2025-04-10,milho,76.0,NA · Milho CMA · Passo Fundo/RS,2026-07-13T14:44:39
2025-04-10,soja,126.0,NA · Sindicatos e Cooperativas · Não-Me-Toque/RS,2026-07-13T14:44:40
2025-04-10,trigo,75.0,NA · Trigo Mercado Físico · Não-Me-Toque/RS,2026-07-13T14:44:41
2025-04-11,milho,76.0,NA · Milho CMA · Passo Fundo/RS,2026-07-13T14:44:42
2025-04-11,soja,127.0,NA · Sindicatos e Cooperativas · Não-Me-Toque/RS,2026-07-13T14:44:43
2025-04-11,trigo,75.0,NA · Trigo Mercado Físico · Não-Me-Toque/RS,2026-07-13T14:44:44
2025-04-14,milho,76.0,NA · Milho CMA · Passo Fundo/RS,2026-07-13T14:44:44
2025-04-14,soja,126.0,NA · Sindicatos e Cooperativas · Não-Me-Toque/RS,2026-07-13T14:44:45
2025-04-14,trigo,75.0,NA · Trigo Mercado Físico · Não-Me-Toque/RS,2026-07-13T14:44:46
2025-04-15,milho,76.0,NA · Milho CMA · Passo Fundo/RS,2026-07-13T14:44:47
2025-04-15,soja,126.0,NA · Sindicatos e Cooperativas · Não-Me-Toque/RS,2026-07-13T14:44:48
2025-04-15,trigo,75.0,NA · Trigo Mercado Físico · Não-Me-Toque/RS,2026-07-13T14:44:49
2025-04-16,milho,76.0,NA · Milho CMA · Passo Fundo/RS,2026-07-13T14:44:50
2025-04-16,soja,126.0,NA · Sindicatos e Cooperativas · Não-Me-Toque/RS,2026-07-13T14:44:51
2025-04-16,trigo,75.0,NA · Trigo Mercado Físico · Não-Me-Toque/RS,2026-07-13T14:44:52
2025-04-17,milho,76.0,NA · Milho CMA · Passo Fundo/RS,2026-07-13T14:44:53
2025-04-17,soja,126.0,NA · Sindicatos e Cooperativas · Não-Me-Toque/RS,2026-07-13T14:44:54
2025-04-17,trigo,75.0,NA · Trigo Mercado Físico · Não-Me-Toque/RS,2026-07-13T14:44:55
2025-04-22,milho,75.0,NA · Milho CMA · Passo Fundo/RS,2026-07-13T14:45:03
2025-04-22,soja,124.0,NA · Sindicatos e Cooperativas · Não-Me-Toque/RS,2026-07-13T14:45:04
2025-04-22,trigo,75.0,NA · Trigo Mercado Físico · Não-Me-Toque/RS,2026-07-13T14:45:05
2025-04-23,milho,75.0,NA · Milho CMA · Passo Fundo/RS,2026-07-13T14:45:06
2025-04-23,soja,123.0,NA · Sindicatos e Cooperativas · Não-Me-Toque/RS,2026-07-13T14:45:07
2025-04-23,trigo,75.0,NA · Trigo Mercado Físico · Não-Me-Toque/RS,2026-07-13T14:45:08
2025-04-24,milho,75.0,NA · Milho CMA · Passo Fundo/RS,2026-07-13T14:45:08
2025-04-24,soja,122.0,NA · Sindicatos e Cooperativas · Não-Me-Toque/RS,2026-07-13T14:45:09
2025-04-24,trigo,75.0,NA · Trigo Mercado Físico · Não-Me-Toque/RS,2026-07-13T14:45:10
2025-04-25,milho,75.0,NA · Milho CMA · Passo Fundo/RS,2026-07-13T14:45:11
2025-04-25,soja,122.0,NA · Sindicatos e Cooperativas · Não-Me-Toque/RS,2026-07-13T14:45:12
2025-04-25,trigo,75.0,NA · Trigo Mercado Físico · Não-Me-Toque/RS,2026-07-13T14:45:13
2025-04-28,milho,75.0,NA · Milho CMA · Passo Fundo/RS,2026-07-13T14:45:14
2025-04-28,soja,121.0,NA · Sindicatos e Cooperativas · Não-Me-Toque/RS,2026-07-13T14:45:15
2025-04-28,trigo,73.0,NA · Trigo Mercado Físico · Não-Me-Toque/RS,2026-07-13T14:45:15
2025-04-29,milho,75.0,NA · Milho CMA · Passo Fundo/RS,2026-07-13T14:45:16
2025-04-29,soja,120.0,NA · Sindicatos e Cooperativas · Não-Me-Toque/RS,2026-07-13T14:45:17
2025-04-29,trigo,73.0,NA · Trigo Mercado Físico · Não-Me-Toque/RS,2026-07-13T14:45:18
2025-04-30,milho,75.0,NA · Milho CMA · Passo Fundo/RS,2026-07-13T14:45:19
2025-04-30,soja,119.0,NA · Sindicatos e Cooperativas · Não-Me-Toque/RS,2026-07-13T14:45:20
2025-04-30,trigo,73.0,NA · Trigo Mercado Físico · Não-Me-Toque/RS,2026-07-13T14:45:21
2025-05-02,milho,73.0,NA · Milho CMA · Passo Fundo/RS,2026-07-13T14:45:25
2025-05-02,soja,119.0,NA · Sindicatos e Cooperativas · Não-Me-Toque/RS,2026-07-13T14:45:26
2025-05-02,trigo,73.0,NA · Trigo Mercado Físico · Não-Me-Toque/RS,2026-07-13T14:45:27
2025-05-05,milho,71.0,NA · Milho CMA · Passo Fundo/RS,2026-07-13T14:45:28
2025-05-05,soja,118.0,NA · Sindicatos e Cooperativas · Não-Me-Toque/RS,2026-07-13T14:45:28
2025-05-05,trigo,73.0,NA · Trigo Mercado Físico · Não-Me-Toque/RS,2026-07-13T14:45:29
2025-05-06,milho,70.0,NA · Milho CMA · Passo Fundo/RS,2026-07-13T14:45:30
2025-05-06,soja,117.5,NA · Sindicatos e Cooperativas · Não-Me-Toque/RS,2026-07-13T14:45:31
2025-05-06,trigo,73.0,NA · Trigo Mercado Físico · Não-Me-Toque/RS,2026-07-13T14:45:32
2025-05-07,milho,70.0,NA · Milho CMA · Passo Fundo/RS,2026-07-13T14:45:33
2025-05-07,soja,118.0,NA · Sindicatos e Cooperativas · Não-Me-Toque/RS,2026-07-13T14:45:34
2025-05-07,trigo,71.0,NA · Trigo Mercado Físico · Não-Me-Toque/RS,2026-07-13T14:45:35
2025-05-08,milho,70.0,NA · Milho CMA · Passo Fundo/RS,2026-07-13T14:45:35
2025-05-08,soja,117.0,NA · Sindicatos e Cooperativas · Não-Me-Toque/RS,2026-07-13T14:45:36
2025-05-08,trigo,71.0,NA · Trigo Mercado Físico · Não-Me-Toque/RS,2026-07-13T14:45:37
2025-05-09,milho,70.0,NA · Milho CMA · Passo Fundo/RS,2026-07-13T14:45:38
2025-05-09,soja,118.0,NA · Sindicatos e Cooperativas · Não-Me-Toque/RS,2026-07-13T14:45:39
2025-05-09,trigo,71.0,NA · Trigo Mercado Físico · Não-Me-Toque/RS,2026-07-13T14:45:40
2025-05-12,milho,70.0,NA · Milho CMA · Passo Fundo/RS,2026-07-13T14:45:41
2025-05-12,soja,120.0,NA · Sindicatos e Cooperativas · Não-Me-Toque/RS,2026-07-13T14:45:41
2025-05-12,trigo,71.0,NA · Trigo Mercado Físico · Não-Me-Toque/RS,2026-07-13T14:45:42
2025-05-13,milho,69.0,NA · Milho CMA · Passo Fundo/RS,2026-07-13T14:45:43
2025-05-13,soja,119.0,NA · Sindicatos e Cooperativas · Não-Me-Toque/RS,2026-07-13T14:45:44
2025-05-13,trigo,70.0,NA · Trigo Mercado Físico · Não-Me-Toque/RS,2026-07-13T14:45:45
2025-05-14,milho,69.0,NA · Milho CMA · Passo Fundo/RS,2026-07-13T14:45:46
2025-05-14,soja,119.0,NA · Sindicatos e Cooperativas · Não-Me-Toque/RS,2026-07-13T14:45:47
2025-05-14,trigo,70.0,NA · Trigo Mercado Físico · Não-Me-Toque/RS,2026-07-13T14:45:47
2025-05-15,milho,69.0,NA · Milho CMA · Passo Fundo/RS,2026-07-13T14:45:48
2025-05-15,soja,117.0,NA · Sindicatos e Cooperativas · Não-Me-Toque/RS,2026-07-13T14:45:49
2025-05-15,trigo,70.0,NA · Trigo Mercado Físico · Não-Me-Toque/RS,2026-07-13T14:45:50
2025-05-16,milho,69.0,NA · Milho CMA · Passo Fundo/RS,2026-07-13T14:45:51
2025-05-16,soja,117.0,NA · Sindicatos e Cooperativas · Não-Me-Toque/RS,2026-07-13T14:45:52
2025-05-16,trigo,70.0,NA · Trigo Mercado Físico · Não-Me-Toque/RS,2026-07-13T14:45:53
2025-05-19,milho,67.0,NA · Milho CMA · Passo Fundo/RS,2026-07-13T14:45:54
2025-05-19,soja,117.0,NA · Sindicatos e Cooperativas · Não-Me-Toque/RS,2026-07-13T14:45:55
2025-05-19,trigo,70.0,NA · Trigo Mercado Físico · Não-Me-Toque/RS,2026-07-13T14:45:55
2025-05-20,milho,67.0,NA · Milho CMA · Passo Fundo/RS,2026-07-13T14:45:56
2025-05-20,soja,117.0,NA · Sindicatos e Cooperativas · Não-Me-Toque/RS,2026-07-13T14:45:57
2025-05-20,trigo,70.0,NA · Trigo Mercado Físico · Não-Me-Toque/RS,2026-07-13T14:45:58
2025-05-21,milho,69.0,NA · Milho CMA · Passo Fundo/RS,2026-07-13T14:45:59
2025-05-21,soja,118.5,NA · Sindicatos e Cooperativas · Não-Me-Toque/RS,2026-07-13T14:46:00
2025-05-21,trigo,70.0,NA · Trigo Mercado Físico · Não-Me-Toque/RS,2026-07-13T14:46:01
2025-05-22,milho,67.0,NA · Milho CMA · Passo Fundo/RS,2026-07-13T14:46:02
2025-05-22,soja,118.5,NA · Sindicatos e Cooperativas · Não-Me-Toque/RS,2026-07-13T14:46:03
2025-05-22,trigo,70.0,NA · Trigo Mercado Físico · Não-Me-Toque/RS,2026-07-13T14:46:03
2025-05-23,milho,67.0,NA · Milho CMA · Passo Fundo/RS,2026-07-13T14:46:04
2025-05-23,soja,119.0,NA · Sindicatos e Cooperativas · Não-Me-Toque/RS,2026-07-13T14:46:05
2025-05-23,trigo,70.0,NA · Trigo Mercado Físico · Não-Me-Toque/RS,2026-07-13T14:46:06
2025-05-26,milho,67.0,NA · Milho CMA · Passo Fundo/RS,2026-07-13T14:46:07
2025-05-26,soja,119.0,NA · Sindicatos e Cooperativas · Não-Me-Toque/RS,2026-07-13T14:46:08
2025-05-26,trigo,70.0,NA · Trigo Mercado Físico · Não-Me-Toque/RS,2026-07-13T14:46:09
2025-05-27,milho,67.0,NA · Milho CMA · Passo Fundo/RS,2026-07-13T14:46:09
2025-05-27,soja,119.0,NA · Sindicatos e Cooperativas · Não-Me-Toque/RS,2026-07-13T14:46:10
2025-05-27,trigo,70.0,NA · Trigo Mercado Físico · Não-Me-Toque/RS,2026-07-13T14:46:11
2025-05-28,milho,67.0,NA · Milho CMA · Passo Fundo/RS,2026-07-13T14:46:12
2025-05-28,soja,119.0,NA · Sindicatos e Cooperativas · Não-Me-Toque/RS,2026-07-13T14:46:13
2025-05-28,trigo,70.0,NA · Trigo Mercado Físico · Não-Me-Toque/RS,2026-07-13T14:46:14
2025-05-29,milho,67.0,NA · Milho CMA · Passo Fundo/RS,2026-07-13T14:46:15
2025-05-29,soja,119.0,NA · Sindicatos e Cooperativas · Não-Me-Toque/RS,2026-07-13T14:46:16
2025-05-29,trigo,70.0,NA · Trigo Mercado Físico · Não-Me-Toque/RS,2026-07-13T14:46:16
2025-05-30,milho,67.0,NA · Milho CMA · Passo Fundo/RS,2026-07-13T14:46:17
2025-05-30,soja,119.0,NA · Sindicatos e Cooperativas · Não-Me-Toque/RS,2026-07-13T14:46:18
2025-05-30,trigo,70.0,NA · Trigo Mercado Físico · Não-Me-Toque/RS,2026-07-13T14:46:19
2025-06-02,milho,67.0,NA · Milho CMA · Passo Fundo/RS,2026-07-13T14:46:20
2025-06-02,soja,119.0,NA · Sindicatos e Cooperativas · Não-Me-Toque/RS,2026-07-13T14:46:21
2025-06-02,trigo,70.0,NA · Trigo Mercado Físico · Não-Me-Toque/RS,2026-07-13T14:46:22
2025-06-03,milho,68.0,NA · Milho CMA · Passo Fundo/RS,2026-07-13T14:46:23
2025-06-03,soja,118.0,NA · Sindicatos e Cooperativas · Não-Me-Toque/RS,2026-07-13T14:46:23
2025-06-03,trigo,70.0,NA · Trigo Mercado Físico · Não-Me-Toque/RS,2026-07-13T14:46:24
2025-06-04,soja,119.0,NA · Sindicatos e Cooperativas · Não-Me-Toque/RS,2026-07-13T14:46:27
2025-06-04,trigo,70.0,NA · Trigo Mercado Físico · Não-Me-Toque/RS,2026-07-13T14:46:28
2025-06-05,milho,67.0,NA · Milho CMA · Passo Fundo/RS,2026-07-13T14:46:29
2025-06-05,soja,119.0,NA · Sindicatos e Cooperativas · Não-Me-Toque/RS,2026-07-13T14:46:30
2025-06-05,trigo,70.0,NA · Trigo Mercado Físico · Não-Me-Toque/RS,2026-07-13T14:46:30
2025-06-06,milho,67.0,NA · Milho CMA · Passo Fundo/RS,2026-07-13T14:46:31
2025-06-06,soja,119.0,NA · Sindicatos e Cooperativas · Não-Me-Toque/RS,2026-07-13T14:46:32
2025-06-06,trigo,70.0,NA · Trigo Mercado Físico · Não-Me-Toque/RS,2026-07-13T14:46:33
2025-06-09,milho,68.0,NA · Milho CMA · Passo Fundo/RS,2026-07-13T14:46:34
2025-06-09,soja,119.0,NA · Sindicatos e Cooperativas · Não-Me-Toque/RS,2026-07-13T14:46:35
2025-06-09,trigo,70.0,NA · Trigo Mercado Físico · Não-Me-Toque/RS,2026-07-13T14:46:36
2025-06-10,milho,68.0,NA · Milho CMA · Passo Fundo/RS,2026-07-13T14:46:37
2025-06-10,soja,119.0,NA · Sindicatos e Cooperativas · Não-Me-Toque/RS,2026-07-13T14:46:37
2025-06-10,trigo,70.0,NA · Trigo Mercado Físico · Não-Me-Toque/RS,2026-07-13T14:46:38
2025-06-11,milho,68.0,NA · Milho CMA · Passo Fundo/RS,2026-07-13T14:46:39
2025-06-11,soja,119.0,NA · Sindicatos e Cooperativas · Não-Me-Toque/RS,2026-07-13T14:46:40
2025-06-11,trigo,70.0,NA · Trigo Mercado Físico · Não-Me-Toque/RS,2026-07-13T14:46:41
2025-06-12,milho,68.0,NA · Milho CMA · Passo Fundo/RS,2026-07-13T14:46:42
2025-06-12,soja,118.0,NA · Sindicatos e Cooperativas · Não-Me-Toque/RS,2026-07-13T14:46:43
2025-06-12,trigo,70.0,NA · Trigo Mercado Físico · Não-Me-Toque/RS,2026-07-13T14:46:43
2025-06-13,milho,67.0,NA · Milho CMA · Passo Fundo/RS,2026-07-13T14:46:44
2025-06-13,soja,120.0,NA · Sindicatos e Cooperativas · Não-Me-Toque/RS,2026-07-13T14:46:45
2025-06-13,trigo,70.0,NA · Trigo Mercado Físico · Não-Me-Toque/RS,2026-07-13T14:46:46
2025-06-16,milho,67.0,NA · Milho CMA · Passo Fundo/RS,2026-07-13T14:46:47
2025-06-16,soja,120.0,NA · Sindicatos e Cooperativas · Não-Me-Toque/RS,2026-07-13T14:46:48
2025-06-16,trigo,70.0,NA · Trigo Mercado Físico · Não-Me-Toque/RS,2026-07-13T14:46:49
2025-06-17,milho,69.0,NA · Milho CMA · Passo Fundo/RS,2026-07-13T14:46:49
2025-06-17,soja,120.0,NA · Sindicatos e Cooperativas · Não-Me-Toque/RS,2026-07-13T14:46:50
2025-06-17,trigo,70.0,NA · Trigo Mercado Físico · Não-Me-Toque/RS,2026-07-13T14:46:52
2025-06-18,milho,69.0,NA · Milho CMA · Passo Fundo/RS,2026-07-13T14:46:53
2025-06-18,soja,120.0,NA · Sindicatos e Cooperativas · Não-Me-Toque/RS,2026-07-13T14:46:54
2025-06-18,trigo,70.0,NA · Trigo Mercado Físico · Não-Me-Toque/RS,2026-07-13T14:46:55
2025-06-20,milho,69.0,NA · Milho CMA · Passo Fundo/RS,2026-07-13T14:46:59
2025-06-20,soja,120.0,NA · Sindicatos e Cooperativas · Não-Me-Toque/RS,2026-07-13T14:47:00
2025-06-20,trigo,70.0,NA · Trigo Mercado Físico · Não-Me-Toque/RS,2026-07-13T14:47:01
2025-06-23,milho,69.0,NA · Milho CMA · Passo Fundo/RS,2026-07-13T14:47:01
2025-06-23,soja,119.0,NA · Sindicatos e Cooperativas · Não-Me-Toque/RS,2026-07-13T14:47:02
2025-06-23,trigo,70.0,NA · Trigo Mercado Físico · Não-Me-Toque/RS,2026-07-13T14:47:03
2025-06-24,milho,70.0,NA · Milho CMA · Passo Fundo/RS,2026-07-13T14:47:04
2025-06-24,soja,119.0,NA · Sindicatos e Cooperativas · Não-Me-Toque/RS,2026-07-13T14:47:05
2025-06-24,trigo,70.0,NA · Trigo Mercado Físico · Não-Me-Toque/RS,2026-07-13T14:47:06
2025-06-25,milho,70.0,NA · Milho CMA · Passo Fundo/RS,2026-07-13T14:47:07
2025-06-25,soja,119.0,NA · Sindicatos e Cooperativas · Não-Me-Toque/RS,2026-07-13T14:47:08
2025-06-25,trigo,70.0,NA · Trigo Mercado Físico · Não-Me-Toque/RS,2026-07-13T14:47:09
2025-06-26,milho,70.0,NA · Milho CMA · Passo Fundo/RS,2026-07-13T14:47:10
2025-06-26,soja,118.0,NA · Sindicatos e Cooperativas · Não-Me-Toque/RS,2026-07-13T14:47:10
2025-06-26,trigo,70.0,NA · Trigo Mercado Físico · Não-Me-Toque/RS,2026-07-13T14:47:11
2025-06-27,milho,70.0,NA · Milho CMA · Passo Fundo/RS,2026-07-13T14:47:12
2025-06-27,soja,118.0,NA · Sindicatos e Cooperativas · Não-Me-Toque/RS,2026-07-13T14:47:13
2025-06-27,trigo,70.0,NA · Trigo Mercado Físico · Não-Me-Toque/RS,2026-07-13T14:47:14
2025-06-30,milho,70.0,NA · Milho CMA · Passo Fundo/RS,2026-07-13T14:47:15
2025-06-30,soja,118.0,NA · Sindicatos e Cooperativas · Não-Me-Toque/RS,2026-07-13T14:47:16
2025-06-30,trigo,70.0,NA · Trigo Mercado Físico · Não-Me-Toque/RS,2026-07-13T14:47:17
2025-07-01,milho,70.0,NA · Milho CMA · Passo Fundo/RS,2026-07-13T14:47:18
2025-07-01,soja,117.0,NA · Sindicatos e Cooperativas · Não-Me-Toque/RS,2026-07-13T14:47:18
2025-07-01,trigo,70.0,NA · Trigo Mercado Físico · Não-Me-Toque/RS,2026-07-13T14:47:19
2025-07-02,milho,68.0,NA · Milho CMA · Passo Fundo/RS,2026-07-13T14:47:20
2025-07-02,soja,118.0,NA · Sindicatos e Cooperativas · Não-Me-Toque/RS,2026-07-13T14:47:21
2025-07-02,trigo,70.0,NA · Trigo Mercado Físico · Não-Me-Toque/RS,2026-07-13T14:47:22
2025-07-03,milho,68.0,NA · Milho CMA · Passo Fundo/RS,2026-07-13T14:47:23
2025-07-03,soja,119.0,NA · Sindicatos e Cooperativas · Não-Me-Toque/RS,2026-07-13T14:47:24
2025-07-03,trigo,70.0,NA · Trigo Mercado Físico · Não-Me-Toque/RS,2026-07-13T14:47:25
2025-07-04,milho,68.0,NA · Milho CMA · Passo Fundo/RS,2026-07-13T14:47:25
2025-07-04,soja,119.0,NA · Sindicatos e Cooperativas · Não-Me-Toque/RS,2026-07-13T14:47:26
2025-07-04,trigo,70.0,NA · Trigo Mercado Físico · Não-Me-Toque/RS,2026-07-13T14:47:27
2025-07-07,milho,67.0,NA · Milho CMA · Passo Fundo/RS,2026-07-13T14:47:28
2025-07-07,soja,117.5,NA · Sindicatos e Cooperativas · Não-Me-Toque/RS,2026-07-13T14:47:29
2025-07-07,trigo,70.0,NA · Trigo Mercado Físico · Não-Me-Toque/RS,2026-07-13T14:47:30
2025-07-08,milho,67.0,NA · Milho CMA · Passo Fundo/RS,2026-07-13T14:47:31
2025-07-08,soja,117.5,NA · Sindicatos e Cooperativas · Não-Me-Toque/RS,2026-07-13T14:47:32
2025-07-08,trigo,70.0,NA · Trigo Mercado Físico · Não-Me-Toque/RS,2026-07-13T14:47:32
2025-07-09,milho,67.0,NA · Milho CMA · Passo Fundo/RS,2026-07-13T14:47:33
2025-07-09,soja,117.0,NA · Sindicatos e Cooperativas · Não-Me-Toque/RS,2026-07-13T14:47:34
2025-07-09,trigo,70.0,NA · Trigo Mercado Físico · Não-Me-Toque/RS,2026-07-13T14:47:35
2025-07-10,soja,119.0,NA · Sindicatos e Cooperativas · Não-Me-Toque/RS,2026-07-13T14:47:38
2025-07-10,trigo,70.0,NA · Trigo Mercado Físico · Não-Me-Toque/RS,2026-07-13T14:47:38
2025-07-11,milho,67.0,NA · Milho CMA · Passo Fundo/RS,2026-07-13T14:47:39
2025-07-11,soja,119.5,NA · Sindicatos e Cooperativas · Não-Me-Toque/RS,2026-07-13T14:47:40
2025-07-11,trigo,70.0,NA · Trigo Mercado Físico · Não-Me-Toque/RS,2026-07-13T14:47:41
2025-07-14,milho,67.0,NA · Milho CMA · Passo Fundo/RS,2026-07-13T14:47:42
2025-07-14,soja,120.0,NA · Sindicatos e Cooperativas · Não-Me-Toque/RS,2026-07-13T14:47:43
2025-07-14,trigo,70.0,NA · Trigo Mercado Físico · Não-Me-Toque/RS,2026-07-13T14:47:43
2025-07-15,milho,66.0,NA · Milho CMA · Passo Fundo/RS,2026-07-13T14:47:44
2025-07-15,soja,120.0,NA · Sindicatos e Cooperativas · Não-Me-Toque/RS,2026-07-13T14:47:45
2025-07-15,trigo,70.0,NA · Trigo Mercado Físico · Não-Me-Toque/RS,2026-07-13T14:47:46
2025-07-16,milho,67.0,NA · Milho CMA · Passo Fundo/RS,2026-07-13T14:47:47
2025-07-16,soja,121.0,NA · Sindicatos e Cooperativas · Não-Me-Toque/RS,2026-07-13T14:47:48
2025-07-16,trigo,70.0,NA · Trigo Mercado Físico · Não-Me-Toque/RS,2026-07-13T14:47:49
2025-07-17,milho,67.0,NA · Milho CMA · Passo Fundo/RS,2026-07-13T14:47:50
2025-07-17,soja,121.5,NA · Sindicatos e Cooperativas · Não-Me-Toque/RS,2026-07-13T14:47:51
2025-07-17,trigo,70.0,NA · Trigo Mercado Físico · Não-Me-Toque/RS,2026-07-13T14:47:52
2025-07-18,milho,67.0,NA · Milho CMA · Passo Fundo/RS,2026-07-13T14:47:54
2025-07-18,soja,123.0,NA · Sindicatos e Cooperativas · Não-Me-Toque/RS,2026-07-13T14:47:55
2025-07-18,trigo,70.0,NA · Trigo Mercado Físico · Não-Me-Toque/RS,2026-07-13T14:47:56
2025-07-21,milho,67.0,NA · Milho CMA · Passo Fundo/RS,2026-07-13T14:47:56
2025-07-21,soja,121.5,NA · Sindicatos e Cooperativas · Não-Me-Toque/RS,2026-07-13T14:47:57
2025-07-21,trigo,70.0,NA · Trigo Mercado Físico · Não-Me-Toque/RS,2026-07-13T14:47:58
2025-07-22,milho,67.0,NA · Milho CMA · Passo Fundo/RS,2026-07-13T14:47:59
2025-07-22,soja,122.0,NA · Sindicatos e Cooperativas · Não-Me-Toque/RS,2026-07-13T14:48:00
2025-07-22,trigo,70.0,NA · Trigo Mercado Físico · Não-Me-Toque/RS,2026-07-13T14:48:01
2025-07-23,milho,68.0,NA · Milho CMA · Passo Fundo/RS,2026-07-13T14:48:02
2025-07-23,soja,122.5,NA · Sindicatos e Cooperativas · Não-Me-Toque/RS,2026-07-13T14:48:03
2025-07-23,trigo,70.0,NA · Trigo Mercado Físico · Não-Me-Toque/RS,2026-07-13T14:48:04
2025-07-24,milho,68.0,NA · Milho CMA · Passo Fundo/RS,2026-07-13T14:48:05
2025-07-24,soja,122.5,NA · Sindicatos e Cooperativas · Não-Me-Toque/RS,2026-07-13T14:48:05
2025-07-24,trigo,70.0,NA · Trigo Mercado Físico · Não-Me-Toque/RS,2026-07-13T14:48:06
2025-07-25,milho,68.0,NA · Milho CMA · Passo Fundo/RS,2026-07-13T14:48:07
2025-07-25,soja,122.0,NA · Sindicatos e Cooperativas · Não-Me-Toque/RS,2026-07-13T14:48:08
2025-07-25,trigo,70.0,NA · Trigo Mercado Físico · Não-Me-Toque/RS,2026-07-13T14:48:09
2025-07-28,milho,68.0,NA · Milho CMA · Passo Fundo/RS,2026-07-13T14:48:10
2025-07-28,soja,122.0,NA · Sindicatos e Cooperativas · Não-Me-Toque/RS,2026-07-13T14:48:11
2025-07-28,trigo,70.0,NA · Trigo Mercado Físico · Não-Me-Toque/RS,2026-07-13T14:48:12
2025-07-29,milho,68.0,NA · Milho CMA · Passo Fundo/RS,2026-07-13T14:48:12
2025-07-29,soja,120.0,NA · Sindicatos e Cooperativas · Não-Me-Toque/RS,2026-07-13T14:48:13
2025-07-29,trigo,70.0,NA · Trigo Mercado Físico · Não-Me-Toque/RS,2026-07-13T14:48:14
2025-07-30,milho,68.0,NA · Milho CMA · Passo Fundo/RS,2026-07-13T14:48:15
2025-07-30,soja,121.0,NA · Sindicatos e Cooperativas · Não-Me-Toque/RS,2026-07-13T14:48:16
2025-07-30,trigo,70.0,NA · Trigo Mercado Físico · Não-Me-Toque/RS,2026-07-13T14:48:17
2025-07-31,milho,68.0,NA · Milho CMA · Passo Fundo/RS,2026-07-13T14:48:18
2025-07-31,soja,121.0,NA · Sindicatos e Cooperativas · Não-Me-Toque/RS,2026-07-13T14:48:19
2025-07-31,trigo,70.0,NA · Trigo Mercado Físico · Não-Me-Toque/RS,2026-07-13T14:48:19
2025-08-01,soja,121.0,NA · Sindicatos e Cooperativas · Não-Me-Toque/RS,2026-07-13T14:48:22
2025-08-01,trigo,70.0,NA · Trigo Mercado Físico · Não-Me-Toque/RS,2026-07-13T14:48:23
2025-08-04,milho,68.0,NA · Milho CMA · Passo Fundo/RS,2026-07-13T14:48:24
2025-08-04,soja,122.0,NA · Sindicatos e Cooperativas · Não-Me-Toque/RS,2026-07-13T14:48:25
2025-08-04,trigo,70.0,NA · Trigo Mercado Físico · Não-Me-Toque/RS,2026-07-13T14:48:26
2025-08-05,milho,68.0,NA · Milho CMA · Passo Fundo/RS,2026-07-13T14:48:26
2025-08-05,soja,122.5,NA · Sindicatos e Cooperativas · Não-Me-Toque/RS,2026-07-13T14:48:27
2025-08-05,trigo,70.0,NA · Trigo Mercado Físico · Não-Me-Toque/RS,2026-07-13T14:48:28
2025-08-06,milho,68.0,NA · Milho CMA · Passo Fundo/RS,2026-07-13T14:48:29
2025-08-06,soja,122.0,NA · Sindicatos e Cooperativas · Não-Me-Toque/RS,2026-07-13T14:48:30
2025-08-06,trigo,70.0,NA · Trigo Mercado Físico · Não-Me-Toque/RS,2026-07-13T14:48:31
2025-08-07,milho,68.0,NA · Milho CMA · Passo Fundo/RS,2026-07-13T14:48:32
2025-08-07,soja,122.0,NA · Sindicatos e Cooperativas · Não-Me-Toque/RS,2026-07-13T14:48:32
2025-08-07,trigo,70.0,NA · Trigo Mercado Físico · Não-Me-Toque/RS,2026-07-13T14:48:33
2025-08-08,milho,69.0,NA · Milho CMA · Passo Fundo/RS,2026-07-13T14:48:34
2025-08-08,soja,122.0,NA · Sindicatos e Cooperativas · Não-Me-Toque/RS,2026-07-13T14:48:35
2025-08-08,trigo,70.0,NA · Trigo Mercado Físico · Não-Me-Toque/RS,2026-07-13T14:48:36
2025-08-11,milho,69.0,NA · Milho CMA · Passo Fundo/RS,2026-07-13T14:48:37
2025-08-11,soja,123.0,NA · Sindicatos e Cooperativas · Não-Me-Toque/RS,2026-07-13T14:48:38
2025-08-11,trigo,70.0,NA · Trigo Mercado Físico · Não-Me-Toque/RS,2026-07-13T14:48:38
2025-08-12,milho,69.0,NA · Milho CMA · Passo Fundo/RS,2026-07-13T14:48:39
2025-08-12,soja,122.0,NA · Sindicatos e Cooperativas · Não-Me-Toque/RS,2026-07-13T14:48:40
2025-08-12,trigo,70.0,NA · Trigo Mercado Físico · Não-Me-Toque/RS,2026-07-13T14:48:41
2025-08-13,milho,69.0,NA · Milho CMA · Passo Fundo/RS,2026-07-13T14:48:42
2025-08-13,soja,124.0,NA · Sindicatos e Cooperativas · Não-Me-Toque/RS,2026-07-13T14:48:43
2025-08-13,trigo,70.0,NA · Trigo Mercado Físico · Não-Me-Toque/RS,2026-07-13T14:48:44
2025-08-14,milho,69.0,NA · Milho CMA · Passo Fundo/RS,2026-07-13T14:48:45
2025-08-14,soja,123.0,NA · Sindicatos e Cooperativas · Não-Me-Toque/RS,2026-07-13T14:48:45
2025-08-14,trigo,70.0,NA · Trigo Mercado Físico · Não-Me-Toque/RS,2026-07-13T14:48:46
2025-08-15,milho,69.0,NA · Milho CMA · Passo Fundo/RS,2026-07-13T14:48:47
2025-08-15,soja,123.5,NA · Sindicatos e Cooperativas · Não-Me-Toque/RS,2026-07-13T14:48:48
2025-08-15,trigo,70.0,NA · Trigo Mercado Físico · Não-Me-Toque/RS,2026-07-13T14:48:49
2025-08-18,milho,69.0,NA · Milho CMA · Passo Fundo/RS,2026-07-13T14:48:50
2025-08-18,soja,123.5,NA · Sindicatos e Cooperativas · Não-Me-Toque/RS,2026-07-13T14:48:51
2025-08-18,trigo,70.0,NA · Trigo Mercado Físico · Não-Me-Toque/RS,2026-07-13T14:48:52
2025-08-19,milho,69.0,NA · Milho CMA · Passo Fundo/RS,2026-07-13T14:48:53
2025-08-19,soja,124.0,NA · Sindicatos e Cooperativas · Não-Me-Toque/RS,2026-07-13T14:48:54
2025-08-19,trigo,70.0,NA · Trigo Mercado Físico · Não-Me-Toque/RS,2026-07-13T14:48:55
2025-08-20,milho,69.0,NA · Milho CMA · Passo Fundo/RS,2026-07-13T14:48:56
2025-08-20,soja,124.5,NA · Sindicatos e Cooperativas · Não-Me-Toque/RS,2026-07-13T14:48:56
2025-08-20,trigo,70.0,NA · Trigo Mercado Físico · Não-Me-Toque/RS,2026-07-13T14:48:57
2025-08-21,milho,69.0,NA · Milho CMA · Passo Fundo/RS,2026-07-13T14:48:58
2025-08-21,soja,125.0,NA · Sindicatos e Cooperativas · Não-Me-Toque/RS,2026-07-13T14:48:59
2025-08-21,trigo,70.0,NA · Trigo Mercado Físico · Não-Me-Toque/RS,2026-07-13T14:49:00
2025-08-22,milho,69.0,NA · Milho CMA · Passo Fundo/RS,2026-07-13T14:49:01
2025-08-22,soja,124.0,NA · Sindicatos e Cooperativas · Não-Me-Toque/RS,2026-07-13T14:49:02
2025-08-22,trigo,70.0,NA · Trigo Mercado Físico · Não-Me-Toque/RS,2026-07-13T14:49:03
2025-08-25,milho,69.0,NA · Milho CMA · Passo Fundo/RS,2026-07-13T14:49:03
2025-08-25,soja,123.0,NA · Sindicatos e Cooperativas · Não-Me-Toque/RS,2026-07-13T14:49:04
2025-08-25,trigo,70.0,NA · Trigo Mercado Físico · Não-Me-Toque/RS,2026-07-13T14:49:05
2025-08-26,milho,69.0,NA · Milho CMA · Passo Fundo/RS,2026-07-13T14:49:06
2025-08-26,soja,123.0,NA · Sindicatos e Cooperativas · Não-Me-Toque/RS,2026-07-13T14:49:07
2025-08-26,trigo,70.0,NA · Trigo Mercado Físico · Não-Me-Toque/RS,2026-07-13T14:49:08
2025-08-27,soja,123.0,NA · Sindicatos e Cooperativas · Não-Me-Toque/RS,2026-07-13T14:49:10
2025-08-27,trigo,70.0,NA · Trigo Mercado Físico · Não-Me-Toque/RS,2026-07-13T14:49:11
2025-08-28,milho,70.0,NA · Milho CMA · Passo Fundo/RS,2026-07-13T14:49:12
2025-08-28,soja,122.5,NA · Sindicatos e Cooperativas · Não-Me-Toque/RS,2026-07-13T14:49:13
2025-08-28,trigo,70.0,NA · Trigo Mercado Físico · Não-Me-Toque/RS,2026-07-13T14:49:14
2025-08-29,soja,123.0,NA · Sindicatos e Cooperativas · Não-Me-Toque/RS,2026-07-13T14:49:17
2025-08-29,trigo,70.0,NA · Trigo Mercado Físico · Não-Me-Toque/RS,2026-07-13T14:49:17
2025-09-01,soja,123.0,NA · Sindicatos e Cooperativas · Não-Me-Toque/RS,2026-07-13T14:49:20
2025-09-01,trigo,70.0,NA · Trigo Mercado Físico · Não-Me-Toque/RS,2026-07-13T14:49:21
2025-09-02,soja,123.0,NA · Sindicatos e Cooperativas · Não-Me-Toque/RS,2026-07-13T14:49:24
2025-09-02,trigo,70.0,NA · Trigo Mercado Físico · Não-Me-Toque/RS,2026-07-13T14:49:24
2025-09-03,soja,122.0,NA · Sindicatos e Cooperativas · Não-Me-Toque/RS,2026-07-13T14:49:27
2025-09-03,trigo,70.0,NA · Trigo Mercado Físico · Não-Me-Toque/RS,2026-07-13T14:49:28
2025-09-04,milho,69.0,NA · Milho CMA · Passo Fundo/RS,2026-07-13T14:49:29
2025-09-04,soja,122.0,NA · Sindicatos e Cooperativas · Não-Me-Toque/RS,2026-07-13T14:49:30
2025-09-04,trigo,70.0,NA · Trigo Mercado Físico · Não-Me-Toque/RS,2026-07-13T14:49:31
2025-09-05,milho,69.0,NA · Milho CMA · Passo Fundo/RS,2026-07-13T14:49:31
2025-09-05,soja,122.0,NA · Sindicatos e Cooperativas · Não-Me-Toque/RS,2026-07-13T14:49:32
2025-09-05,trigo,70.0,NA · Trigo Mercado Físico · Não-Me-Toque/RS,2026-07-13T14:49:33
2025-09-08,soja,122.0,NA · Sindicatos e Cooperativas · Não-Me-Toque/RS,2026-07-13T14:49:36
2025-09-08,trigo,70.0,NA · Trigo Mercado Físico · Não-Me-Toque/RS,2026-07-13T14:49:37
2025-09-09,soja,124.0,NA · Sindicatos e Cooperativas · Não-Me-Toque/RS,2026-07-13T14:49:39
2025-09-09,trigo,70.0,NA · Trigo Mercado Físico · Não-Me-Toque/RS,2026-07-13T14:49:40
2025-09-10,milho,69.0,NA · Milho CMA · Passo Fundo/RS,2026-07-13T14:49:41
2025-09-10,soja,124.0,NA · Sindicatos e Cooperativas · Não-Me-Toque/RS,2026-07-13T14:49:42
2025-09-10,trigo,70.0,NA · Trigo Mercado Físico · Não-Me-Toque/RS,2026-07-13T14:49:43
2025-09-11,milho,69.0,NA · Milho CMA · Passo Fundo/RS,2026-07-13T14:49:44
2025-09-11,soja,124.0,NA · Sindicatos e Cooperativas · Não-Me-Toque/RS,2026-07-13T14:49:45
2025-09-11,trigo,70.0,NA · Trigo Mercado Físico · Não-Me-Toque/RS,2026-07-13T14:49:45
2025-09-12,milho,69.0,NA · Milho CMA · Passo Fundo/RS,2026-07-13T14:49:46
2025-09-12,soja,124.0,NA · Sindicatos e Cooperativas · Não-Me-Toque/RS,2026-07-13T14:49:47
2025-09-12,trigo,70.0,NA · Trigo Mercado Físico · Não-Me-Toque/RS,2026-07-13T14:49:48
2025-09-15,milho,69.0,NA · Milho CMA · Passo Fundo/RS,2026-07-13T14:49:49
2025-09-15,soja,123.0,NA · Sindicatos e Cooperativas · Não-Me-Toque/RS,2026-07-13T14:49:50
2025-09-15,trigo,68.0,NA · Trigo Mercado Físico · Não-Me-Toque/RS,2026-07-13T14:49:51
2025-09-16,soja,123.0,NA · Sindicatos e Cooperativas · Não-Me-Toque/RS,2026-07-13T14:49:54
2025-09-16,trigo,68.0,NA · Trigo Mercado Físico · Não-Me-Toque/RS,2026-07-13T14:49:55
2025-09-17,milho,69.0,NA · Milho CMA · Passo Fundo/RS,2026-07-13T14:49:56
2025-09-17,soja,123.0,NA · Sindicatos e Cooperativas · Não-Me-Toque/RS,2026-07-13T14:49:57
2025-09-17,trigo,68.0,NA · Trigo Mercado Físico · Não-Me-Toque/RS,2026-07-13T14:49:58
2025-09-18,milho,69.0,NA · Milho CMA · Passo Fundo/RS,2026-07-13T14:49:59
2025-09-18,soja,122.0,NA · Sindicatos e Cooperativas · Não-Me-Toque/RS,2026-07-13T14:50:00
2025-09-18,trigo,68.0,NA · Trigo Mercado Físico · Não-Me-Toque/RS,2026-07-13T14:50:01
2025-09-19,milho,69.0,NA · Milho CMA · Passo Fundo/RS,2026-07-13T14:50:02
2025-09-19,soja,121.0,NA · Sindicatos e Cooperativas · Não-Me-Toque/RS,2026-07-13T14:50:03
2025-09-19,trigo,68.0,NA · Trigo Mercado Físico · Não-Me-Toque/RS,2026-07-13T14:50:04
2025-09-22,milho,69.0,NA · Milho CMA · Passo Fundo/RS,2026-07-13T14:50:05
2025-09-22,soja,120.0,NA · Sindicatos e Cooperativas · Não-Me-Toque/RS,2026-07-13T14:50:05
2025-09-22,trigo,68.0,NA · Trigo Mercado Físico · Não-Me-Toque/RS,2026-07-13T14:50:06
2025-09-23,milho,69.0,NA · Milho CMA · Passo Fundo/RS,2026-07-13T14:50:07
2025-09-23,soja,119.0,NA · Sindicatos e Cooperativas · Não-Me-Toque/RS,2026-07-13T14:50:08
2025-09-23,trigo,66.0,NA · Trigo Mercado Físico · Não-Me-Toque/RS,2026-07-13T14:50:09
2025-09-24,milho,69.0,NA · Milho CMA · Passo Fundo/RS,2026-07-13T14:50:10
2025-09-24,soja,119.0,NA · Sindicatos e Cooperativas · Não-Me-Toque/RS,2026-07-13T14:50:11
2025-09-24,trigo,66.0,NA · Trigo Mercado Físico · Não-Me-Toque/RS,2026-07-13T14:50:11
2025-09-25,milho,69.0,NA · Milho CMA · Passo Fundo/RS,2026-07-13T14:50:12
2025-09-25,soja,119.0,NA · Sindicatos e Cooperativas · Não-Me-Toque/RS,2026-07-13T14:50:13
2025-09-25,trigo,66.0,NA · Trigo Mercado Físico · Não-Me-Toque/RS,2026-07-13T14:50:14
2025-09-26,soja,120.0,NA · Sindicatos e Cooperativas · Não-Me-Toque/RS,2026-07-13T14:50:17
2025-09-26,trigo,66.0,NA · Trigo Mercado Físico · Não-Me-Toque/RS,2026-07-13T14:50:18
2025-09-29,soja,120.0,NA · Sindicatos e Cooperativas · Não-Me-Toque/RS,2026-07-13T14:50:20
2025-09-29,trigo,64.0,NA · Trigo Mercado Físico · Não-Me-Toque/RS,2026-07-13T14:50:21
2025-09-30,milho,70.0,NA · Milho CMA · Passo Fundo/RS,2026-07-13T14:50:22
2025-09-30,soja,120.0,NA · Sindicatos e Cooperativas · Não-Me-Toque/RS,2026-07-13T14:50:23
2025-09-30,trigo,64.0,NA · Trigo Mercado Físico · Não-Me-Toque/RS,2026-07-13T14:50:24
2025-10-01,milho,70.0,NA · Milho CMA · Passo Fundo/RS,2026-07-13T14:50:25
2025-10-01,soja,119.0,NA · Sindicatos e Cooperativas · Não-Me-Toque/RS,2026-07-13T14:50:25
2025-10-01,trigo,64.0,NA · Trigo Mercado Físico · Não-Me-Toque/RS,2026-07-13T14:50:26
2025-10-02,milho,70.0,NA · Milho CMA · Passo Fundo/RS,2026-07-13T14:50:27
2025-10-02,soja,120.0,NA · Sindicatos e Cooperativas · Não-Me-Toque/RS,2026-07-13T14:50:28
2025-10-02,trigo,64.0,NA · Trigo Mercado Físico · Não-Me-Toque/RS,2026-07-13T14:50:29
2025-10-03,milho,70.0,NA · Milho CMA · Passo Fundo/RS,2026-07-13T14:50:30
2025-10-03,soja,120.0,NA · Sindicatos e Cooperativas · Não-Me-Toque/RS,2026-07-13T14:50:31
2025-10-03,trigo,64.0,NA · Trigo Mercado Físico · Não-Me-Toque/RS,2026-07-13T14:50:32
2025-10-06,milho,70.0,NA · Milho CMA · Passo Fundo/RS,2026-07-13T14:50:32
2025-10-06,soja,120.0,NA · Sindicatos e Cooperativas · Não-Me-Toque/RS,2026-07-13T14:50:33
2025-10-06,trigo,64.0,NA · Trigo Mercado Físico · Não-Me-Toque/RS,2026-07-13T14:50:34
2025-10-07,milho,70.0,NA · Milho CMA · Passo Fundo/RS,2026-07-13T14:50:35
2025-10-07,soja,120.0,NA · Sindicatos e Cooperativas · Não-Me-Toque/RS,2026-07-13T14:50:36
2025-10-07,trigo,64.0,NA · Trigo Mercado Físico · Não-Me-Toque/RS,2026-07-13T14:50:37
2025-10-08,milho,70.0,NA · Milho CMA · Passo Fundo/RS,2026-07-13T14:50:38
2025-10-08,soja,120.0,NA · Sindicatos e Cooperativas · Não-Me-Toque/RS,2026-07-13T14:50:39
2025-10-08,trigo,64.0,NA · Trigo Mercado Físico · Não-Me-Toque/RS,2026-07-13T14:50:39
2025-10-09,milho,70.0,NA · Milho CMA · Passo Fundo/RS,2026-07-13T14:50:40
2025-10-09,soja,120.0,NA · Sindicatos e Cooperativas · Não-Me-Toque/RS,2026-07-13T14:50:41
2025-10-09,trigo,62.0,NA · Trigo Mercado Físico · Não-Me-Toque/RS,2026-07-13T14:50:42
2025-10-10,milho,70.0,NA · Milho CMA · Passo Fundo/RS,2026-07-13T14:50:43
2025-10-10,soja,120.0,NA · Sindicatos e Cooperativas · Não-Me-Toque/RS,2026-07-13T14:50:44
2025-10-10,trigo,62.0,NA · Trigo Mercado Físico · Não-Me-Toque/RS,2026-07-13T14:50:45
2025-10-13,milho,70.0,NA · Milho CMA · Passo Fundo/RS,2026-07-13T14:50:46
2025-10-13,soja,120.0,NA · Sindicatos e Cooperativas · Não-Me-Toque/RS,2026-07-13T14:50:47
2025-10-13,trigo,62.0,NA · Trigo Mercado Físico · Não-Me-Toque/RS,2026-07-13T14:50:47
2025-10-14,milho,70.0,NA · Milho CMA · Passo Fundo/RS,2026-07-13T14:50:48
2025-10-14,soja,120.0,NA · Sindicatos e Cooperativas · Não-Me-Toque/RS,2026-07-13T14:50:49
2025-10-14,trigo,62.0,NA · Trigo Mercado Físico · Não-Me-Toque/RS,2026-07-13T14:50:50
2025-10-15,milho,70.0,NA · Milho CMA · Passo Fundo/RS,2026-07-13T14:50:51
2025-10-15,soja,120.0,NA · Sindicatos e Cooperativas · Não-Me-Toque/RS,2026-07-13T14:50:52
2025-10-15,trigo,62.0,NA · Trigo Mercado Físico · Não-Me-Toque/RS,2026-07-13T14:50:53
2025-10-16,milho,70.0,NA · Milho CMA · Passo Fundo/RS,2026-07-13T14:50:54
2025-10-16,soja,120.0,NA · Sindicatos e Cooperativas · Não-Me-Toque/RS,2026-07-13T14:50:55
2025-10-16,trigo,62.0,NA · Trigo Mercado Físico · Não-Me-Toque/RS,2026-07-13T14:50:56
2025-10-17,milho,70.0,NA · Milho CMA · Passo Fundo/RS,2026-07-13T14:50:57
2025-10-17,soja,121.0,NA · Sindicatos e Cooperativas · Não-Me-Toque/RS,2026-07-13T14:50:57
2025-10-17,trigo,62.0,NA · Trigo Mercado Físico · Não-Me-Toque/RS,2026-07-13T14:50:58
2025-10-20,milho,70.0,NA · Milho CMA · Passo Fundo/RS,2026-07-13T14:50:59
2025-10-20,soja,122.0,NA · Sindicatos e Cooperativas · Não-Me-Toque/RS,2026-07-13T14:51:00
2025-10-20,trigo,60.0,NA · Trigo Mercado Físico · Não-Me-Toque/RS,2026-07-13T14:51:01
2025-10-21,milho,70.0,NA · Milho CMA · Passo Fundo/RS,2026-07-13T14:51:02
2025-10-21,soja,122.0,NA · Sindicatos e Cooperativas · Não-Me-Toque/RS,2026-07-13T14:51:03
2025-10-21,trigo,60.0,NA · Trigo Mercado Físico · Não-Me-Toque/RS,2026-07-13T14:51:03
2025-10-22,milho,70.0,NA · Milho CMA · Passo Fundo/RS,2026-07-13T14:51:04
2025-10-22,soja,122.0,NA · Sindicatos e Cooperativas · Não-Me-Toque/RS,2026-07-13T14:51:05
2025-10-22,trigo,60.0,NA · Trigo Mercado Físico · Não-Me-Toque/RS,2026-07-13T14:51:06
2025-10-23,milho,70.0,NA · Milho CMA · Passo Fundo/RS,2026-07-13T14:51:07
2025-10-23,soja,123.0,NA · Sindicatos e Cooperativas · Não-Me-Toque/RS,2026-07-13T14:51:08
2025-10-23,trigo,60.0,NA · Trigo Mercado Físico · Não-Me-Toque/RS,2026-07-13T14:51:09
2025-10-24,milho,70.0,NA · Milho CMA · Passo Fundo/RS,2026-07-13T14:51:09
2025-10-24,soja,123.0,NA · Sindicatos e Cooperativas · Não-Me-Toque/RS,2026-07-13T14:51:10
2025-10-24,trigo,60.0,NA · Trigo Mercado Físico · Não-Me-Toque/RS,2026-07-13T14:51:11
2025-10-27,milho,70.0,NA · Milho CMA · Passo Fundo/RS,2026-07-13T14:51:12
2025-10-27,soja,124.0,NA · Sindicatos e Cooperativas · Não-Me-Toque/RS,2026-07-13T14:51:13
2025-10-27,trigo,60.0,NA · Trigo Mercado Físico · Não-Me-Toque/RS,2026-07-13T14:51:14
2025-10-28,soja,124.0,NA · Sindicatos e Cooperativas · Não-Me-Toque/RS,2026-07-13T14:51:16
2025-10-28,trigo,60.0,NA · Trigo Mercado Físico · Não-Me-Toque/RS,2026-07-13T14:51:17
2025-10-29,milho,70.0,NA · Milho CMA · Passo Fundo/RS,2026-07-13T14:51:18
2025-10-29,soja,124.0,NA · Sindicatos e Cooperativas · Não-Me-Toque/RS,2026-07-13T14:51:19
2025-10-29,trigo,60.0,NA · Trigo Mercado Físico · Não-Me-Toque/RS,2026-07-13T14:51:20
2025-10-30,milho,70.0,NA · Milho CMA · Passo Fundo/RS,2026-07-13T14:51:21
2025-10-30,soja,124.0,NA · Sindicatos e Cooperativas · Não-Me-Toque/RS,2026-07-13T14:51:22
2025-10-30,trigo,60.0,NA · Trigo Mercado Físico · Não-Me-Toque/RS,2026-07-13T14:51:23
2025-10-31,milho,70.0,NA · Milho CMA · Passo Fundo/RS,2026-07-13T14:51:24
2025-10-31,soja,124.0,NA · Sindicatos e Cooperativas · Não-Me-Toque/RS,2026-07-13T14:51:25
2025-10-31,trigo,60.0,NA · Trigo Mercado Físico · Não-Me-Toque/RS,2026-07-13T14:51:26
2025-11-03,milho,70.0,NA · Milho CMA · Passo Fundo/RS,2026-07-13T14:51:41
2025-11-03,soja,123.0,NA · Sindicatos e Cooperativas · Não-Me-Toque/RS,2026-07-13T14:51:42
2025-11-03,trigo,58.0,NA · Trigo Mercado Físico · Não-Me-Toque/RS,2026-07-13T14:51:43
2025-11-04,milho,70.0,NA · Milho CMA · Passo Fundo/RS,2026-07-13T14:51:44
2025-11-04,soja,122.0,NA · Sindicatos e Cooperativas · Não-Me-Toque/RS,2026-07-13T14:51:45
2025-11-04,trigo,58.0,NA · Trigo Mercado Físico · Não-Me-Toque/RS,2026-07-13T14:51:46
2025-11-05,milho,70.0,NA · Milho CMA · Passo Fundo/RS,2026-07-13T14:51:46
2025-11-05,soja,123.0,NA · Sindicatos e Cooperativas · Não-Me-Toque/RS,2026-07-13T14:51:47
2025-11-05,trigo,57.0,NA · Trigo Mercado Físico · Não-Me-Toque/RS,2026-07-13T14:51:48
2025-11-06,milho,70.0,NA · Milho CMA · Passo Fundo/RS,2026-07-13T14:51:49
2025-11-06,soja,122.0,NA · Sindicatos e Cooperativas · Não-Me-Toque/RS,2026-07-13T14:51:50
2025-11-06,trigo,57.0,NA · Trigo Mercado Físico · Não-Me-Toque/RS,2026-07-13T14:51:51
2025-11-07,soja,121.0,NA · Sindicatos e Cooperativas · Não-Me-Toque/RS,2026-07-13T14:51:54
2025-11-07,trigo,57.0,NA · Trigo Mercado Físico · Não-Me-Toque/RS,2026-07-13T14:51:55
2025-11-10,milho,70.0,NA · Milho CMA · Passo Fundo/RS,2026-07-13T14:51:56
2025-11-10,soja,122.0,NA · Sindicatos e Cooperativas · Não-Me-Toque/RS,2026-07-13T14:51:57
2025-11-10,trigo,56.0,NA · Trigo Mercado Físico · Não-Me-Toque/RS,2026-07-13T14:51:58
2025-11-11,milho,69.0,NA · Milho CMA · Passo Fundo/RS,2026-07-13T14:51:58
2025-11-11,soja,122.0,NA · Sindicatos e Cooperativas · Não-Me-Toque/RS,2026-07-13T14:51:59
2025-11-11,trigo,56.0,NA · Trigo Mercado Físico · Não-Me-Toque/RS,2026-07-13T14:52:00
2025-11-12,milho,69.0,NA · Milho CMA · Passo Fundo/RS,2026-07-13T14:52:01
2025-11-12,soja,122.0,NA · Sindicatos e Cooperativas · Não-Me-Toque/RS,2026-07-13T14:52:02
2025-11-12,trigo,56.0,NA · Trigo Mercado Físico · Não-Me-Toque/RS,2026-07-13T14:52:03
2025-11-13,milho,69.0,NA · Milho CMA · Passo Fundo/RS,2026-07-13T14:52:04
2025-11-13,soja,122.0,NA · Sindicatos e Cooperativas · Não-Me-Toque/RS,2026-07-13T14:52:04
2025-11-13,trigo,55.0,NA · Trigo Mercado Físico · Não-Me-Toque/RS,2026-07-13T14:52:05
2025-11-14,soja,123.0,NA · Sindicatos e Cooperativas · Não-Me-Toque/RS,2026-07-13T14:52:08
2025-11-14,trigo,55.0,NA · Trigo Mercado Físico · Não-Me-Toque/RS,2026-07-13T14:52:09
2025-11-17,milho,69.0,NA · Milho CMA · Passo Fundo/RS,2026-07-13T14:52:10
2025-11-17,soja,124.0,NA · Sindicatos e Cooperativas · Não-Me-Toque/RS,2026-07-13T14:52:10
2025-11-17,trigo,55.0,NA · Trigo Mercado Físico · Não-Me-Toque/RS,2026-07-13T14:52:11
2025-11-18,milho,69.0,NA · Milho CMA · Passo Fundo/RS,2026-07-13T14:52:12
2025-11-18,soja,124.0,NA · Sindicatos e Cooperativas · Não-Me-Toque/RS,2026-07-13T14:52:13
2025-11-18,trigo,55.0,NA · Trigo Mercado Físico · Não-Me-Toque/RS,2026-07-13T14:52:14
2025-11-19,milho,69.0,NA · Milho CMA · Passo Fundo/RS,2026-07-13T14:52:15
2025-11-19,soja,124.0,NA · Sindicatos e Cooperativas · Não-Me-Toque/RS,2026-07-13T14:52:16
2025-11-19,trigo,55.0,NA · Trigo Mercado Físico · Não-Me-Toque/RS,2026-07-13T14:52:16
2025-11-21,milho,68.0,NA · Milho CMA · Passo Fundo/RS,2026-07-13T14:52:21
2025-11-21,soja,124.0,NA · Sindicatos e Cooperativas · Não-Me-Toque/RS,2026-07-13T14:52:22
2025-11-21,trigo,55.0,NA · Trigo Mercado Físico · Não-Me-Toque/RS,2026-07-13T14:52:23
2025-11-24,milho,68.5,NA · Milho CMA · Passo Fundo/RS,2026-07-13T14:52:23
2025-11-24,soja,124.0,NA · Sindicatos e Cooperativas · Não-Me-Toque/RS,2026-07-13T14:52:24
2025-11-24,trigo,55.0,NA · Trigo Mercado Físico · Não-Me-Toque/RS,2026-07-13T14:52:25
2025-11-25,milho,68.5,NA · Milho CMA · Passo Fundo/RS,2026-07-13T14:52:26
2025-11-25,soja,124.0,NA · Sindicatos e Cooperativas · Não-Me-Toque/RS,2026-07-13T14:52:27
2025-11-25,trigo,55.0,NA · Trigo Mercado Físico · Não-Me-Toque/RS,2026-07-13T14:52:28
2025-11-26,milho,68.5,NA · Milho CMA · Passo Fundo/RS,2026-07-13T14:52:29
2025-11-26,soja,124.0,NA · Sindicatos e Cooperativas · Não-Me-Toque/RS,2026-07-13T14:52:30
2025-11-26,trigo,55.0,NA · Trigo Mercado Físico · Não-Me-Toque/RS,2026-07-13T14:52:31
2025-11-27,milho,68.5,NA · Milho CMA · Passo Fundo/RS,2026-07-13T14:52:31
2025-11-27,soja,125.0,NA · Sindicatos e Cooperativas · Não-Me-Toque/RS,2026-07-13T14:52:32
2025-11-27,trigo,55.0,NA · Trigo Mercado Físico · Não-Me-Toque/RS,2026-07-13T14:52:33
2025-11-28,milho,68.5,NA · Milho CMA · Passo Fundo/RS,2026-07-13T14:52:34
2025-11-28,soja,125.0,NA · Sindicatos e Cooperativas · Não-Me-Toque/RS,2026-07-13T14:52:35
2025-11-28,trigo,55.0,NA · Trigo Mercado Físico · Não-Me-Toque/RS,2026-07-13T14:52:36
2025-12-01,milho,69.0,NA · Milho CMA · Passo Fundo/RS,2026-07-13T14:52:37
2025-12-01,soja,125.0,NA · Sindicatos e Cooperativas · Não-Me-Toque/RS,2026-07-13T14:52:37
2025-12-01,trigo,54.0,NA · Trigo Mercado Físico · Não-Me-Toque/RS,2026-07-13T14:52:38
2025-12-02,milho,69.0,NA · Milho CMA · Passo Fundo/RS,2026-07-13T14:52:39
2025-12-02,soja,125.0,NA · Sindicatos e Cooperativas · Não-Me-Toque/RS,2026-07-13T14:52:40
2025-12-02,trigo,54.0,NA · Trigo Mercado Físico · Não-Me-Toque/RS,2026-07-13T14:52:41
2025-12-03,milho,69.0,NA · Milho CMA · Passo Fundo/RS,2026-07-13T14:52:42
2025-12-03,soja,125.0,NA · Sindicatos e Cooperativas · Não-Me-Toque/RS,2026-07-13T14:52:43
2025-12-03,trigo,54.0,NA · Trigo Mercado Físico · Não-Me-Toque/RS,2026-07-13T14:52:43
2025-12-04,milho,69.0,NA · Milho CMA · Passo Fundo/RS,2026-07-13T14:52:44
2025-12-04,soja,124.0,NA · Sindicatos e Cooperativas · Não-Me-Toque/RS,2026-07-13T14:52:45
2025-12-04,trigo,54.0,NA · Trigo Mercado Físico · Não-Me-Toque/RS,2026-07-13T14:52:46
2025-12-05,milho,69.0,NA · Milho CMA · Passo Fundo/RS,2026-07-13T14:52:47
2025-12-05,soja,125.0,NA · Sindicatos e Cooperativas · Não-Me-Toque/RS,2026-07-13T14:52:48
2025-12-05,trigo,54.0,NA · Trigo Mercado Físico · Não-Me-Toque/RS,2026-07-13T14:52:49
2025-12-08,milho,69.0,NA · Milho CMA · Passo Fundo/RS,2026-07-13T14:52:50
2025-12-08,soja,125.0,NA · Sindicatos e Cooperativas · Não-Me-Toque/RS,2026-07-13T14:52:51
2025-12-08,trigo,54.0,NA · Trigo Mercado Físico · Não-Me-Toque/RS,2026-07-13T14:52:52
2025-12-09,milho,69.0,NA · Milho CMA · Passo Fundo/RS,2026-07-13T14:52:53
2025-12-09,soja,125.0,NA · Sindicatos e Cooperativas · Não-Me-Toque/RS,2026-07-13T14:52:53
2025-12-09,trigo,54.0,NA · Trigo Mercado Físico · Não-Me-Toque/RS,2026-07-13T14:52:54
2025-12-10,milho,69.0,NA · Milho CMA · Passo Fundo/RS,2026-07-13T14:52:55
2025-12-10,soja,125.5,NA · Sindicatos e Cooperativas · Não-Me-Toque/RS,2026-07-13T14:52:56
2025-12-10,trigo,54.0,NA · Trigo Mercado Físico · Não-Me-Toque/RS,2026-07-13T14:52:57
2025-12-11,milho,68.5,NA · Milho CMA · Passo Fundo/RS,2026-07-13T14:52:58
2025-12-11,soja,125.5,NA · Sindicatos e Cooperativas · Não-Me-Toque/RS,2026-07-13T14:52:59
2025-12-11,trigo,54.0,NA · Trigo Mercado Físico · Não-Me-Toque/RS,2026-07-13T14:53:00
2025-12-12,milho,68.5,NA · Milho CMA · Passo Fundo/RS,2026-07-13T14:53:01
2025-12-12,soja,124.0,NA · Sindicatos e Cooperativas · Não-Me-Toque/RS,2026-07-13T14:53:02
2025-12-12,trigo,54.0,NA · Trigo Mercado Físico · Não-Me-Toque/RS,2026-07-13T14:53:03
2025-12-15,milho,68.5,NA · Milho CMA · Passo Fundo/RS,2026-07-13T14:53:04
2025-12-15,soja,124.0,NA · Sindicatos e Cooperativas · Não-Me-Toque/RS,2026-07-13T14:53:05
2025-12-15,trigo,54.0,NA · Trigo Mercado Físico · Não-Me-Toque/RS,2026-07-13T14:53:06
2025-12-16,milho,68.5,NA · Milho CMA · Passo Fundo/RS,2026-07-13T14:53:07
2025-12-16,soja,124.0,NA · Sindicatos e Cooperativas · Não-Me-Toque/RS,2026-07-13T14:53:07
2025-12-16,trigo,54.0,NA · Trigo Mercado Físico · Não-Me-Toque/RS,2026-07-13T14:53:08
2025-12-17,milho,68.5,NA · Milho CMA · Passo Fundo/RS,2026-07-13T14:53:09
2025-12-17,soja,125.0,NA · Sindicatos e Cooperativas · Não-Me-Toque/RS,2026-07-13T14:53:10
2025-12-17,trigo,54.0,NA · Trigo Mercado Físico · Não-Me-Toque/RS,2026-07-13T14:53:11
2025-12-18,milho,68.5,NA · Milho CMA · Passo Fundo/RS,2026-07-13T14:53:12
2025-12-18,soja,125.0,NA · Sindicatos e Cooperativas · Não-Me-Toque/RS,2026-07-13T14:53:13
2025-12-18,trigo,54.0,NA · Trigo Mercado Físico · Não-Me-Toque/RS,2026-07-13T14:53:13
2025-12-19,milho,68.5,NA · Milho CMA · Passo Fundo/RS,2026-07-13T14:53:14
2025-12-19,soja,125.0,NA · Sindicatos e Cooperativas · Não-Me-Toque/RS,2026-07-13T14:53:15
2025-12-19,trigo,54.0,NA · Trigo Mercado Físico · Não-Me-Toque/RS,2026-07-13T14:53:16
2025-12-22,milho,69.0,NA · Milho CMA · Passo Fundo/RS,2026-07-13T14:53:17
2025-12-22,soja,126.0,NA · Sindicatos e Cooperativas · Não-Me-Toque/RS,2026-07-13T14:53:18
2025-12-22,trigo,54.0,NA · Trigo Mercado Físico · Não-Me-Toque/RS,2026-07-13T14:53:18
2025-12-23,milho,69.0,NA · Milho CMA · Passo Fundo/RS,2026-07-13T14:53:19
2025-12-23,soja,126.0,NA · Sindicatos e Cooperativas · Não-Me-Toque/RS,2026-07-13T14:53:20
2025-12-23,trigo,54.0,NA · Trigo Mercado Físico · Não-Me-Toque/RS,2026-07-13T14:53:21
2025-12-29,milho,69.0,NA · Milho CMA · Passo Fundo/RS,2026-07-13T14:53:32
2025-12-30,milho,69.0,NA · Milho CMA · Passo Fundo/RS,2026-07-13T14:53:35
2026-01-02,milho,69.0,NA · Milho CMA · Passo Fundo/RS,2026-07-13T14:53:45
2026-01-05,milho,69.0,NA · Milho CMA · Passo Fundo/RS,2026-07-13T14:53:47
2026-01-05,soja,124.0,NA · Sindicatos e Cooperativas · Não-Me-Toque/RS,2026-07-13T14:53:48
2026-01-05,trigo,54.0,NA · Trigo Mercado Físico · Não-Me-Toque/RS,2026-07-13T14:53:49
2026-01-06,milho,69.0,NA · Milho CMA · Passo Fundo/RS,2026-07-13T14:53:50
2026-01-06,soja,124.0,NA · Sindicatos e Cooperativas · Não-Me-Toque/RS,2026-07-13T14:53:52
2026-01-06,trigo,54.0,NA · Trigo Mercado Físico · Não-Me-Toque/RS,2026-07-13T14:53:53
2026-01-07,milho,69.0,NA · Milho CMA · Passo Fundo/RS,2026-07-13T14:53:54
2026-01-07,soja,123.0,NA · Sindicatos e Cooperativas · Não-Me-Toque/RS,2026-07-13T14:53:55
2026-01-07,trigo,54.0,NA · Trigo Mercado Físico · Não-Me-Toque/RS,2026-07-13T14:53:56
2026-01-08,milho,69.0,NA · Milho CMA · Passo Fundo/RS,2026-07-13T14:53:56
2026-01-08,soja,123.0,NA · Sindicatos e Cooperativas · Não-Me-Toque/RS,2026-07-13T14:53:57
2026-01-08,trigo,54.0,NA · Trigo Mercado Físico · Não-Me-Toque/RS,2026-07-13T14:53:58
2026-01-09,milho,69.0,NA · Milho CMA · Passo Fundo/RS,2026-07-13T14:53:59
2026-01-09,soja,123.0,NA · Sindicatos e Cooperativas · Não-Me-Toque/RS,2026-07-13T14:54:00
2026-01-09,trigo,54.0,NA · Trigo Mercado Físico · Não-Me-Toque/RS,2026-07-13T14:54:01
2026-01-12,milho,69.0,NA · Milho CMA · Passo Fundo/RS,2026-07-13T14:54:02
2026-01-12,soja,123.0,NA · Sindicatos e Cooperativas · Não-Me-Toque/RS,2026-07-13T14:54:02
2026-01-12,trigo,55.0,NA · Trigo Mercado Físico · Não-Me-Toque/RS,2026-07-13T14:54:03
2026-01-13,milho,68.0,NA · Milho CMA · Passo Fundo/RS,2026-07-13T14:54:04
2026-01-13,soja,121.0,NA · Sindicatos e Cooperativas · Não-Me-Toque/RS,2026-07-13T14:54:05
2026-01-13,trigo,55.0,NA · Trigo Mercado Físico · Não-Me-Toque/RS,2026-07-13T14:54:06
2026-01-14,milho,67.0,NA · Milho CMA · Passo Fundo/RS,2026-07-13T14:54:07
2026-01-14,soja,121.0,NA · Sindicatos e Cooperativas · Não-Me-Toque/RS,2026-07-13T14:54:08
2026-01-14,trigo,55.0,NA · Trigo Mercado Físico · Não-Me-Toque/RS,2026-07-13T14:54:09
2026-01-15,milho,66.5,NA · Milho CMA · Passo Fundo/RS,2026-07-13T14:54:09
2026-01-15,soja,121.0,NA · Sindicatos e Cooperativas · Não-Me-Toque/RS,2026-07-13T14:54:10
2026-01-15,trigo,55.0,NA · Trigo Mercado Físico · Não-Me-Toque/RS,2026-07-13T14:54:11
2026-01-16,milho,67.0,NA · Milho CMA · Passo Fundo/RS,2026-07-13T14:54:12
2026-01-16,soja,121.0,NA · Sindicatos e Cooperativas · Não-Me-Toque/RS,2026-07-13T14:54:13
2026-01-16,trigo,55.0,NA · Trigo Mercado Físico · Não-Me-Toque/RS,2026-07-13T14:54:14
2026-01-19,milho,66.0,NA · Milho CMA · Passo Fundo/RS,2026-07-13T14:54:14
2026-01-19,soja,121.0,NA · Sindicatos e Cooperativas · Não-Me-Toque/RS,2026-07-13T14:54:15
2026-01-19,trigo,55.0,NA · Trigo Mercado Físico · Não-Me-Toque/RS,2026-07-13T14:54:16
2026-01-20,milho,66.0,NA · Milho CMA · Passo Fundo/RS,2026-07-13T14:54:17
2026-01-20,soja,120.0,NA · Sindicatos e Cooperativas · Não-Me-Toque/RS,2026-07-13T14:54:18
2026-01-20,trigo,55.0,NA · Trigo Mercado Físico · Não-Me-Toque/RS,2026-07-13T14:54:19
2026-01-21,milho,66.0,NA · Milho CMA · Passo Fundo/RS,2026-07-13T14:54:20
2026-01-21,soja,120.0,NA · Sindicatos e Cooperativas · Não-Me-Toque/RS,2026-07-13T14:54:21
2026-01-21,trigo,55.0,NA · Trigo Mercado Físico · Não-Me-Toque/RS,2026-07-13T14:54:21
2026-01-22,milho,66.0,NA · Milho CMA · Passo Fundo/RS,2026-07-13T14:54:22
2026-01-22,soja,120.0,NA · Sindicatos e Cooperativas · Não-Me-Toque/RS,2026-07-13T14:54:23
2026-01-22,trigo,55.0,NA · Trigo Mercado Físico · Não-Me-Toque/RS,2026-07-13T14:54:24
2026-01-23,milho,65.0,NA · Milho CMA · Passo Fundo/RS,2026-07-13T14:54:25
2026-01-23,soja,120.0,NA · Sindicatos e Cooperativas · Não-Me-Toque/RS,2026-07-13T14:54:26
2026-01-23,trigo,55.0,NA · Trigo Mercado Físico · Não-Me-Toque/RS,2026-07-13T14:54:27
2026-01-26,milho,64.5,NA · Milho CMA · Passo Fundo/RS,2026-07-13T14:54:27
2026-01-26,soja,120.0,NA · Sindicatos e Cooperativas · Não-Me-Toque/RS,2026-07-13T14:54:28
2026-01-26,trigo,55.0,NA · Trigo Mercado Físico · Não-Me-Toque/RS,2026-07-13T14:54:29
2026-01-27,milho,65.0,NA · Milho CMA · Passo Fundo/RS,2026-07-13T14:54:30
2026-01-27,soja,119.0,NA · Sindicatos e Cooperativas · Não-Me-Toque/RS,2026-07-13T14:54:31
2026-01-27,trigo,55.0,NA · Trigo Mercado Físico · Não-Me-Toque/RS,2026-07-13T14:54:32
2026-01-28,milho,64.5,NA · Milho CMA · Passo Fundo/RS,2026-07-13T14:54:33
2026-01-28,soja,118.0,NA · Sindicatos e Cooperativas · Não-Me-Toque/RS,2026-07-13T14:54:33
2026-01-28,trigo,55.0,NA · Trigo Mercado Físico · Não-Me-Toque/RS,2026-07-13T14:54:34
2026-01-29,milho,64.5,NA · Milho CMA · Passo Fundo/RS,2026-07-13T14:54:35
2026-01-29,soja,117.0,NA · Sindicatos e Cooperativas · Não-Me-Toque/RS,2026-07-13T14:54:36
2026-01-29,trigo,55.0,NA · Trigo Mercado Físico · Não-Me-Toque/RS,2026-07-13T14:54:37
2026-01-30,milho,64.5,NA · Milho CMA · Passo Fundo/RS,2026-07-13T14:54:38
2026-01-30,soja,116.0,NA · Sindicatos e Cooperativas · Não-Me-Toque/RS,2026-07-13T14:54:39
2026-01-30,trigo,55.0,NA · Trigo Mercado Físico · Não-Me-Toque/RS,2026-07-13T14:54:39
2026-02-02,milho,64.5,NA · Milho CMA · Passo Fundo/RS,2026-07-13T14:54:40
2026-02-02,soja,115.0,NA · Sindicatos e Cooperativas · Não-Me-Toque/RS,2026-07-13T14:54:41
2026-02-02,trigo,55.0,NA · Trigo Mercado Físico · Não-Me-Toque/RS,2026-07-13T14:54:42
2026-02-03,milho,64.0,NA · Milho CMA · Passo Fundo/RS,2026-07-13T14:54:43
2026-02-03,soja,115.0,NA · Sindicatos e Cooperativas · Não-Me-Toque/RS,2026-07-13T14:54:44
2026-02-03,trigo,55.0,NA · Trigo Mercado Físico · Não-Me-Toque/RS,2026-07-13T14:54:45
2026-02-04,milho,64.0,NA · Milho CMA · Passo Fundo/RS,2026-07-13T14:54:46
2026-02-04,soja,117.0,NA · Sindicatos e Cooperativas · Não-Me-Toque/RS,2026-07-13T14:54:46
2026-02-04,trigo,55.0,NA · Trigo Mercado Físico · Não-Me-Toque/RS,2026-07-13T14:54:47
2026-02-05,milho,64.0,NA · Milho CMA · Passo Fundo/RS,2026-07-13T14:54:48
2026-02-05,soja,117.0,NA · Sindicatos e Cooperativas · Não-Me-Toque/RS,2026-07-13T14:54:49
2026-02-05,trigo,55.0,NA · Trigo Mercado Físico · Não-Me-Toque/RS,2026-07-13T14:54:50
2026-02-06,milho,64.0,NA · Milho CMA · Passo Fundo/RS,2026-07-13T14:54:51
2026-02-06,soja,117.0,NA · Sindicatos e Cooperativas · Não-Me-Toque/RS,2026-07-13T14:54:53
2026-02-06,trigo,55.0,NA · Trigo Mercado Físico · Não-Me-Toque/RS,2026-07-13T14:54:53
2026-02-09,milho,63.5,NA · Milho CMA · Passo Fundo/RS,2026-07-13T14:54:54
2026-02-09,soja,116.0,NA · Sindicatos e Cooperativas · Não-Me-Toque/RS,2026-07-13T14:54:55
2026-02-09,trigo,55.0,NA · Trigo Mercado Físico · Não-Me-Toque/RS,2026-07-13T14:54:56
2026-02-10,milho,63.0,NA · Milho CMA · Passo Fundo/RS,2026-07-13T14:54:57
2026-02-10,soja,116.0,NA · Sindicatos e Cooperativas · Não-Me-Toque/RS,2026-07-13T14:54:58
2026-02-10,trigo,55.0,NA · Trigo Mercado Físico · Não-Me-Toque/RS,2026-07-13T14:54:59
2026-02-11,milho,63.0,NA · Milho CMA · Passo Fundo/RS,2026-07-13T14:55:00
2026-02-11,soja,116.0,NA · Sindicatos e Cooperativas · Não-Me-Toque/RS,2026-07-13T14:55:01
2026-02-11,trigo,55.0,NA · Trigo Mercado Físico · Não-Me-Toque/RS,2026-07-13T14:55:02
2026-02-12,milho,63.0,NA · Milho CMA · Passo Fundo/RS,2026-07-13T14:55:02
2026-02-12,soja,117.0,NA · Sindicatos e Cooperativas · Não-Me-Toque/RS,2026-07-13T14:55:03
2026-02-12,trigo,55.0,NA · Trigo Mercado Físico · Não-Me-Toque/RS,2026-07-13T14:55:04
2026-02-13,milho,63.0,NA · Milho CMA · Passo Fundo/RS,2026-07-13T14:55:05
2026-02-13,soja,117.0,NA · Sindicatos e Cooperativas · Não-Me-Toque/RS,2026-07-13T14:55:06
2026-02-13,trigo,55.0,NA · Trigo Mercado Físico · Não-Me-Toque/RS,2026-07-13T14:55:07
2026-02-18,milho,57.0,NA · Sindicatos e Cooperativas · Não-Me-Toque/RS,2026-07-13T14:55:15
2026-02-18,soja,117.0,NA · Sindicatos e Cooperativas · Não-Me-Toque/RS,2026-07-13T14:55:16
2026-02-18,trigo,55.0,NA · Trigo Mercado Físico · Não-Me-Toque/RS,2026-07-13T14:55:17
2026-02-19,milho,62.5,NA · Milho CMA · Passo Fundo/RS,2026-07-13T14:55:18
2026-02-19,soja,117.0,NA · Sindicatos e Cooperativas · Não-Me-Toque/RS,2026-07-13T14:55:19
2026-02-19,trigo,55.0,NA · Trigo Mercado Físico · Não-Me-Toque/RS,2026-07-13T14:55:20
2026-02-20,milho,62.5,NA · Milho CMA · Passo Fundo/RS,2026-07-13T14:55:21
2026-02-20,soja,116.0,NA · Sindicatos e Cooperativas · Não-Me-Toque/RS,2026-07-13T14:55:21
2026-02-20,trigo,55.0,NA · Trigo Mercado Físico · Não-Me-Toque/RS,2026-07-13T14:55:23
2026-02-23,milho,57.0,NA · Sindicatos e Cooperativas · Não-Me-Toque/RS,2026-07-13T14:55:24
2026-02-23,soja,116.0,NA · Sindicatos e Cooperativas · Não-Me-Toque/RS,2026-07-13T14:55:25
2026-02-23,trigo,55.0,NA · Trigo Mercado Físico · Não-Me-Toque/RS,2026-07-13T14:55:26
2026-02-24,milho,57.0,NA · Sindicatos e Cooperativas · Não-Me-Toque/RS,2026-07-13T14:55:28
2026-02-24,soja,116.0,NA · Sindicatos e Cooperativas · Não-Me-Toque/RS,2026-07-13T14:55:29
2026-02-24,trigo,55.0,NA · Trigo Mercado Físico · Não-Me-Toque/RS,2026-07-13T14:55:30
2026-02-25,milho,57.0,NA · Sindicatos e Cooperativas · Não-Me-Toque/RS,2026-07-13T14:55:32
2026-02-25,soja,116.0,NA · Sindicatos e Cooperativas · Não-Me-Toque/RS,2026-07-13T14:55:32
2026-02-25,trigo,56.0,NA · Trigo Mercado Físico · Não-Me-Toque/RS,2026-07-13T14:55:33
2026-02-26,milho,56.0,NA · Sindicatos e Cooperativas · Não-Me-Toque/RS,2026-07-13T14:55:35
2026-02-26,soja,115.0,NA · Sindicatos e Cooperativas · Não-Me-Toque/RS,2026-07-13T14:55:36
2026-02-26,trigo,56.0,NA · Trigo Mercado Físico · Não-Me-Toque/RS,2026-07-13T14:55:37
2026-02-27,milho,56.0,NA · Sindicatos e Cooperativas · Não-Me-Toque/RS,2026-07-13T14:55:38
2026-02-27,soja,115.0,NA · Sindicatos e Cooperativas · Não-Me-Toque/RS,2026-07-13T14:55:39
2026-02-27,trigo,56.0,NA · Trigo Mercado Físico · Não-Me-Toque/RS,2026-07-13T14:55:40
2026-03-02,milho,56.0,NA · Sindicatos e Cooperativas · Não-Me-Toque/RS,2026-07-13T14:55:42
2026-03-02,soja,115.0,NA · Sindicatos e Cooperativas · Não-Me-Toque/RS,2026-07-13T14:55:43
2026-03-02,trigo,56.0,NA · Trigo Mercado Físico · Não-Me-Toque/RS,2026-07-13T14:55:44
2026-03-03,milho,56.0,NA · Sindicatos e Cooperativas · Não-Me-Toque/RS,2026-07-13T14:56:00
2026-03-03,soja,116.0,NA · Sindicatos e Cooperativas · Não-Me-Toque/RS,2026-07-13T14:56:01
2026-03-03,trigo,56.0,NA · Trigo Mercado Físico · Não-Me-Toque/RS,2026-07-13T14:56:02
2026-03-04,milho,56.0,NA · Sindicatos e Cooperativas · Não-Me-Toque/RS,2026-07-13T14:56:04
2026-03-04,soja,116.5,NA · Sindicatos e Cooperativas · Não-Me-Toque/RS,2026-07-13T14:56:05
2026-03-04,trigo,56.0,NA · Trigo Mercado Físico · Não-Me-Toque/RS,2026-07-13T14:56:05
2026-03-05,milho,56.0,NA · Sindicatos e Cooperativas · Não-Me-Toque/RS,2026-07-13T14:56:07
2026-03-05,soja,117.0,NA · Sindicatos e Cooperativas · Não-Me-Toque/RS,2026-07-13T14:56:08
2026-03-05,trigo,56.0,NA · Trigo Mercado Físico · Não-Me-Toque/RS,2026-07-13T14:56:09
2026-03-06,milho,56.0,NA · Sindicatos e Cooperativas · Não-Me-Toque/RS,2026-07-13T14:56:11
2026-03-06,soja,118.0,NA · Sindicatos e Cooperativas · Não-Me-Toque/RS,2026-07-13T14:56:11
2026-03-06,trigo,57.0,NA · Trigo Mercado Físico · Não-Me-Toque/RS,2026-07-13T14:56:12
2026-03-09,milho,56.0,NA · Sindicatos e Cooperativas · Não-Me-Toque/RS,2026-07-13T14:56:14
2026-03-09,soja,119.0,NA · Sindicatos e Cooperativas · Não-Me-Toque/RS,2026-07-13T14:56:15
2026-03-09,trigo,57.0,NA · Trigo Mercado Físico · Não-Me-Toque/RS,2026-07-13T14:56:16
2026-03-10,milho,56.0,NA · Sindicatos e Cooperativas · Não-Me-Toque/RS,2026-07-13T14:56:18
2026-03-10,soja,118.0,NA · Sindicatos e Cooperativas · Não-Me-Toque/RS,2026-07-13T14:56:19
2026-03-10,trigo,58.0,NA · Trigo Mercado Físico · Não-Me-Toque/RS,2026-07-13T14:56:19
2026-03-11,milho,56.0,NA · Sindicatos e Cooperativas · Não-Me-Toque/RS,2026-07-13T14:56:21
2026-03-11,soja,119.0,NA · Sindicatos e Cooperativas · Não-Me-Toque/RS,2026-07-13T14:56:22
2026-03-11,trigo,58.0,NA · Trigo Mercado Físico · Não-Me-Toque/RS,2026-07-13T14:56:23
2026-03-12,milho,56.0,NA · Sindicatos e Cooperativas · Não-Me-Toque/RS,2026-07-13T14:56:25
2026-03-12,soja,119.0,NA · Sindicatos e Cooperativas · Não-Me-Toque/RS,2026-07-13T14:56:26
2026-03-12,trigo,58.0,NA · Trigo Mercado Físico · Não-Me-Toque/RS,2026-07-13T14:56:27
2026-03-13,milho,56.0,NA · Sindicatos e Cooperativas · Não-Me-Toque/RS,2026-07-13T14:56:28
2026-03-13,soja,119.0,NA · Sindicatos e Cooperativas · Não-Me-Toque/RS,2026-07-13T14:56:29
2026-03-13,trigo,58.0,NA · Trigo Mercado Físico · Não-Me-Toque/RS,2026-07-13T14:56:30
2026-03-16,milho,56.0,NA · Sindicatos e Cooperativas · Não-Me-Toque/RS,2026-07-13T14:56:32
2026-03-16,soja,117.0,NA · Sindicatos e Cooperativas · Não-Me-Toque/RS,2026-07-13T14:56:33
2026-03-16,trigo,58.0,NA · Trigo Mercado Físico · Não-Me-Toque/RS,2026-07-13T14:56:33
2026-03-17,milho,56.0,NA · Sindicatos e Cooperativas · Não-Me-Toque/RS,2026-07-13T14:56:35
2026-03-17,soja,117.0,NA · Sindicatos e Cooperativas · Não-Me-Toque/RS,2026-07-13T14:56:36
2026-03-17,trigo,58.0,NA · Trigo Mercado Físico · Não-Me-Toque/RS,2026-07-13T14:56:41
2026-03-18,milho,56.0,NA · Sindicatos e Cooperativas · Não-Me-Toque/RS,2026-07-13T14:56:43
2026-03-18,soja,116.0,NA · Sindicatos e Cooperativas · Não-Me-Toque/RS,2026-07-13T14:56:44
2026-03-18,trigo,58.0,NA · Trigo Mercado Físico · Não-Me-Toque/RS,2026-07-13T14:56:45
2026-03-19,milho,56.0,NA · Sindicatos e Cooperativas · Não-Me-Toque/RS,2026-07-13T14:56:47
2026-03-19,soja,116.0,NA · Sindicatos e Cooperativas · Não-Me-Toque/RS,2026-07-13T14:56:48
2026-03-19,trigo,58.0,NA · Trigo Mercado Físico · Não-Me-Toque/RS,2026-07-13T14:56:48
2026-03-20,milho,56.0,NA · Sindicatos e Cooperativas · Não-Me-Toque/RS,2026-07-13T14:56:50
2026-03-20,soja,117.0,NA · Sindicatos e Cooperativas · Não-Me-Toque/RS,2026-07-13T14:56:51
2026-03-20,trigo,58.0,NA · Trigo Mercado Físico · Não-Me-Toque/RS,2026-07-13T14:56:52
2026-03-23,milho,56.0,NA · Sindicatos e Cooperativas · Não-Me-Toque/RS,2026-07-13T14:56:54
2026-03-23,soja,117.0,NA · Sindicatos e Cooperativas · Não-Me-Toque/RS,2026-07-13T14:56:55
2026-03-23,trigo,58.0,NA · Trigo Mercado Físico · Não-Me-Toque/RS,2026-07-13T14:56:56
2026-03-24,milho,56.0,NA · Sindicatos e Cooperativas · Não-Me-Toque/RS,2026-07-13T14:56:58
2026-03-24,soja,116.0,NA · Sindicatos e Cooperativas · Não-Me-Toque/RS,2026-07-13T14:56:58
2026-03-24,trigo,58.0,NA · Trigo Mercado Físico · Não-Me-Toque/RS,2026-07-13T14:56:59
2026-03-25,milho,56.0,NA · Sindicatos e Cooperativas · Não-Me-Toque/RS,2026-07-13T14:57:01
2026-03-25,soja,116.0,NA · Sindicatos e Cooperativas · Não-Me-Toque/RS,2026-07-13T14:57:02
2026-03-25,trigo,58.0,NA · Trigo Mercado Físico · Não-Me-Toque/RS,2026-07-13T14:57:03
2026-03-26,milho,56.0,NA · Sindicatos e Cooperativas · Não-Me-Toque/RS,2026-07-13T14:57:05
2026-03-26,soja,117.0,NA · Sindicatos e Cooperativas · Não-Me-Toque/RS,2026-07-13T14:57:05
2026-03-26,trigo,59.0,NA · Trigo Mercado Físico · Não-Me-Toque/RS,2026-07-13T14:57:06
2026-03-27,milho,56.0,NA · Sindicatos e Cooperativas · Não-Me-Toque/RS,2026-07-13T14:57:08
2026-03-27,soja,118.0,NA · Sindicatos e Cooperativas · Não-Me-Toque/RS,2026-07-13T14:57:09
2026-03-27,trigo,59.0,NA · Trigo Mercado Físico · Não-Me-Toque/RS,2026-07-13T14:57:10
2026-03-30,milho,56.0,NA · Sindicatos e Cooperativas · Não-Me-Toque/RS,2026-07-13T14:57:11
2026-03-30,soja,118.0,NA · Sindicatos e Cooperativas · Não-Me-Toque/RS,2026-07-13T14:57:12
2026-03-30,trigo,59.0,NA · Trigo Mercado Físico · Não-Me-Toque/RS,2026-07-13T14:57:13
2026-03-31,milho,56.0,NA · Sindicatos e Cooperativas · Não-Me-Toque/RS,2026-07-13T14:57:15
2026-03-31,soja,119.0,NA · Sindicatos e Cooperativas · Não-Me-Toque/RS,2026-07-13T14:57:16
2026-03-31,trigo,60.0,NA · Trigo Mercado Físico · Não-Me-Toque/RS,2026-07-13T14:57:17
2026-04-01,milho,56.0,NA · Sindicatos e Cooperativas · Não-Me-Toque/RS,2026-07-13T14:57:18
2026-04-01,soja,119.0,NA · Sindicatos e Cooperativas · Não-Me-Toque/RS,2026-07-13T14:57:19
2026-04-01,trigo,60.0,NA · Trigo Mercado Físico · Não-Me-Toque/RS,2026-07-13T14:57:20
2026-04-02,milho,56.0,NA · Sindicatos e Cooperativas · Não-Me-Toque/RS,2026-07-13T14:57:22
2026-04-02,soja,120.0,NA · Sindicatos e Cooperativas · Não-Me-Toque/RS,2026-07-13T14:57:23
2026-04-02,trigo,60.0,NA · Trigo Mercado Físico · Não-Me-Toque/RS,2026-07-13T14:57:23
2026-04-06,milho,57.0,NA · Sindicatos e Cooperativas · Não-Me-Toque/RS,2026-07-13T14:57:29
2026-04-06,soja,120.0,NA · Sindicatos e Cooperativas · Não-Me-Toque/RS,2026-07-13T14:57:29
2026-04-06,trigo,60.0,NA · Trigo Mercado Físico · Não-Me-Toque/RS,2026-07-13T14:57:30
2026-04-07,milho,57.0,NA · Sindicatos e Cooperativas · Não-Me-Toque/RS,2026-07-13T14:57:32
2026-04-07,soja,119.0,NA · Sindicatos e Cooperativas · Não-Me-Toque/RS,2026-07-13T14:57:33
2026-04-07,trigo,60.0,NA · Trigo Mercado Físico · Não-Me-Toque/RS,2026-07-13T14:57:34
2026-04-08,milho,57.0,NA · Sindicatos e Cooperativas · Não-Me-Toque/RS,2026-07-13T14:57:35
2026-04-08,soja,118.0,NA · Sindicatos e Cooperativas · Não-Me-Toque/RS,2026-07-13T14:57:36
2026-04-08,trigo,60.0,NA · Trigo Mercado Físico · Não-Me-Toque/RS,2026-07-13T14:57:37
2026-04-09,milho,57.0,NA · Sindicatos e Cooperativas · Não-Me-Toque/RS,2026-07-13T14:57:39
2026-04-09,soja,118.0,NA · Sindicatos e Cooperativas · Não-Me-Toque/RS,2026-07-13T14:57:40
2026-04-09,trigo,60.0,NA · Trigo Mercado Físico · Não-Me-Toque/RS,2026-07-13T14:57:41
2026-04-10,milho,57.0,NA · Sindicatos e Cooperativas · Não-Me-Toque/RS,2026-07-13T14:57:42
2026-04-10,soja,118.0,NA · Sindicatos e Cooperativas · Não-Me-Toque/RS,2026-07-13T14:57:43
2026-04-10,trigo,60.0,NA · Trigo Mercado Físico · Não-Me-Toque/RS,2026-07-13T14:57:44
2026-04-13,milho,57.0,NA · Sindicatos e Cooperativas · Não-Me-Toque/RS,2026-07-13T14:57:46
2026-04-13,soja,117.0,NA · Sindicatos e Cooperativas · Não-Me-Toque/RS,2026-07-13T14:57:47
2026-04-13,trigo,61.0,NA · Trigo Mercado Físico · Não-Me-Toque/RS,2026-07-13T14:57:48
2026-04-14,milho,57.0,NA · Sindicatos e Cooperativas · Não-Me-Toque/RS,2026-07-13T14:57:50
2026-04-14,soja,117.0,NA · Sindicatos e Cooperativas · Não-Me-Toque/RS,2026-07-13T14:57:51
2026-04-14,trigo,61.0,NA · Trigo Mercado Físico · Não-Me-Toque/RS,2026-07-13T14:57:52
2026-04-15,milho,57.0,NA · Sindicatos e Cooperativas · Não-Me-Toque/RS,2026-07-13T14:57:54
2026-04-15,soja,117.0,NA · Sindicatos e Cooperativas · Não-Me-Toque/RS,2026-07-13T14:57:54
2026-04-15,trigo,61.0,NA · Trigo Mercado Físico · Não-Me-Toque/RS,2026-07-13T14:57:55
2026-04-16,milho,57.0,NA · Sindicatos e Cooperativas · Não-Me-Toque/RS,2026-07-13T14:57:57
2026-04-16,soja,117.0,NA · Sindicatos e Cooperativas · Não-Me-Toque/RS,2026-07-13T14:57:58
2026-04-16,trigo,61.0,NA · Trigo Mercado Físico · Não-Me-Toque/RS,2026-07-13T14:57:59
2026-04-17,milho,57.0,NA · Sindicatos e Cooperativas · Não-Me-Toque/RS,2026-07-13T14:58:00
2026-04-17,soja,116.0,NA · Sindicatos e Cooperativas · Não-Me-Toque/RS,2026-07-13T14:58:01
2026-04-17,trigo,61.0,NA · Trigo Mercado Físico · Não-Me-Toque/RS,2026-07-13T14:58:02
2026-04-20,milho,57.0,NA · Sindicatos e Cooperativas · Não-Me-Toque/RS,2026-07-13T14:58:04
2026-04-20,soja,115.0,NA · Sindicatos e Cooperativas · Não-Me-Toque/RS,2026-07-13T14:58:05
2026-04-20,trigo,61.0,NA · Trigo Mercado Físico · Não-Me-Toque/RS,2026-07-13T14:58:05
2026-04-22,milho,57.0,NA · Sindicatos e Cooperativas · Não-Me-Toque/RS,2026-07-13T14:58:11
2026-04-22,soja,114.0,NA · Sindicatos e Cooperativas · Não-Me-Toque/RS,2026-07-13T14:58:12
2026-04-22,trigo,62.0,NA · Trigo Mercado Físico · Não-Me-Toque/RS,2026-07-13T14:58:12
2026-04-23,milho,57.0,NA · Sindicatos e Cooperativas · Não-Me-Toque/RS,2026-07-13T14:58:14
2026-04-23,soja,113.0,NA · Sindicatos e Cooperativas · Não-Me-Toque/RS,2026-07-13T14:58:15
2026-04-23,trigo,62.0,NA · Trigo Mercado Físico · Não-Me-Toque/RS,2026-07-13T14:58:16
2026-04-24,milho,57.0,NA · Sindicatos e Cooperativas · Não-Me-Toque/RS,2026-07-13T14:58:18
2026-04-24,soja,113.0,NA · Sindicatos e Cooperativas · Não-Me-Toque/RS,2026-07-13T14:58:18
2026-04-24,trigo,62.0,NA · Trigo Mercado Físico · Não-Me-Toque/RS,2026-07-13T14:58:19
2026-04-27,milho,57.0,NA · Sindicatos e Cooperativas · Não-Me-Toque/RS,2026-07-13T14:58:21
2026-04-27,soja,113.0,NA · Sindicatos e Cooperativas · Não-Me-Toque/RS,2026-07-13T14:58:22
2026-04-27,trigo,62.0,NA · Trigo Mercado Físico · Não-Me-Toque/RS,2026-07-13T14:58:23
2026-04-28,milho,57.0,NA · Sindicatos e Cooperativas · Não-Me-Toque/RS,2026-07-13T14:58:24
2026-04-28,soja,114.0,NA · Sindicatos e Cooperativas · Não-Me-Toque/RS,2026-07-13T14:58:25
2026-04-28,trigo,62.0,NA · Trigo Mercado Físico · Não-Me-Toque/RS,2026-07-13T14:58:26
2026-04-29,milho,57.0,NA · Sindicatos e Cooperativas · Não-Me-Toque/RS,2026-07-13T14:58:28
2026-04-29,soja,114.0,NA · Sindicatos e Cooperativas · Não-Me-Toque/RS,2026-07-13T14:58:29
2026-04-29,trigo,63.0,NA · Trigo Mercado Físico · Não-Me-Toque/RS,2026-07-13T14:58:30
2026-04-30,milho,57.0,NA · Sindicatos e Cooperativas · Não-Me-Toque/RS,2026-07-13T14:58:31
2026-04-30,soja,114.0,NA · Sindicatos e Cooperativas · Não-Me-Toque/RS,2026-07-13T14:58:32
2026-04-30,trigo,63.0,NA · Trigo Mercado Físico · Não-Me-Toque/RS,2026-07-13T14:58:33
2026-05-04,milho,57.0,NA · Sindicatos e Cooperativas · Não-Me-Toque/RS,2026-07-13T14:58:38
2026-05-04,soja,114.0,NA · Sindicatos e Cooperativas · Não-Me-Toque/RS,2026-07-13T14:58:39
2026-05-04,trigo,63.0,NA · Trigo Mercado Físico · Não-Me-Toque/RS,2026-07-13T14:58:40
2026-05-05,milho,57.0,NA · Sindicatos e Cooperativas · Não-Me-Toque/RS,2026-07-13T14:58:42
2026-05-05,soja,113.0,NA · Sindicatos e Cooperativas · Não-Me-Toque/RS,2026-07-13T14:58:43
2026-05-05,trigo,63.0,NA · Trigo Mercado Físico · Não-Me-Toque/RS,2026-07-13T14:58:43
2026-05-06,milho,57.0,NA · Sindicatos e Cooperativas · Não-Me-Toque/RS,2026-07-13T14:58:45
2026-05-06,soja,112.0,NA · Sindicatos e Cooperativas · Não-Me-Toque/RS,2026-07-13T14:58:46
2026-05-06,trigo,63.0,NA · Trigo Mercado Físico · Não-Me-Toque/RS,2026-07-13T14:58:47
2026-05-07,milho,57.0,NA · Sindicatos e Cooperativas · Não-Me-Toque/RS,2026-07-13T14:58:49
2026-05-07,soja,112.0,NA · Sindicatos e Cooperativas · Não-Me-Toque/RS,2026-07-13T14:58:50
2026-05-07,trigo,63.0,NA · Trigo Mercado Físico · Não-Me-Toque/RS,2026-07-13T14:58:50
2026-05-08,milho,57.0,NA · Sindicatos e Cooperativas · Não-Me-Toque/RS,2026-07-13T14:58:52
2026-05-08,soja,112.0,NA · Sindicatos e Cooperativas · Não-Me-Toque/RS,2026-07-13T14:58:53
2026-05-08,trigo,63.0,NA · Trigo Mercado Físico · Não-Me-Toque/RS,2026-07-13T14:58:54
2026-05-11,milho,57.0,NA · Sindicatos e Cooperativas · Não-Me-Toque/RS,2026-07-13T14:58:56
2026-05-11,soja,112.0,NA · Sindicatos e Cooperativas · Não-Me-Toque/RS,2026-07-13T14:58:57
2026-05-11,trigo,63.0,NA · Trigo Mercado Físico · Não-Me-Toque/RS,2026-07-13T14:58:58
2026-05-12,milho,57.0,NA · Sindicatos e Cooperativas · Não-Me-Toque/RS,2026-07-13T14:58:59
2026-05-12,soja,113.0,NA · Sindicatos e Cooperativas · Não-Me-Toque/RS,2026-07-13T14:59:00
2026-05-12,trigo,64.0,NA · Trigo Mercado Físico · Não-Me-Toque/RS,2026-07-13T14:59:01
2026-05-13,milho,57.0,NA · Sindicatos e Cooperativas · Não-Me-Toque/RS,2026-07-13T14:59:03
2026-05-13,soja,113.0,NA · Sindicatos e Cooperativas · Não-Me-Toque/RS,2026-07-13T14:59:04
2026-05-13,trigo,64.0,NA · Trigo Mercado Físico · Não-Me-Toque/RS,2026-07-13T14:59:05
2026-05-14,milho,57.0,NA · Sindicatos e Cooperativas · Não-Me-Toque/RS,2026-07-13T14:59:06
2026-05-14,soja,112.0,NA · Sindicatos e Cooperativas · Não-Me-Toque/RS,2026-07-13T14:59:07
2026-05-14,trigo,64.0,NA · Trigo Mercado Físico · Não-Me-Toque/RS,2026-07-13T14:59:08
2026-05-15,milho,57.0,NA · Sindicatos e Cooperativas · Não-Me-Toque/RS,2026-07-13T14:59:10
2026-05-15,soja,112.0,NA · Sindicatos e Cooperativas · Não-Me-Toque/RS,2026-07-13T14:59:11
2026-05-15,trigo,64.0,NA · Trigo Mercado Físico · Não-Me-Toque/RS,2026-07-13T14:59:12
2026-05-18,milho,57.0,NA · Sindicatos e Cooperativas · Não-Me-Toque/RS,2026-07-13T14:59:13
2026-05-18,soja,113.0,NA · Sindicatos e Cooperativas · Não-Me-Toque/RS,2026-07-13T14:59:14
2026-05-18,trigo,65.0,NA · Trigo Mercado Físico · Não-Me-Toque/RS,2026-07-13T14:59:15
2026-05-19,milho,57.0,NA · Sindicatos e Cooperativas · Não-Me-Toque/RS,2026-07-13T14:59:17
2026-05-19,soja,114.0,NA · Sindicatos e Cooperativas · Não-Me-Toque/RS,2026-07-13T14:59:18
2026-05-19,trigo,65.0,NA · Trigo Mercado Físico · Não-Me-Toque/RS,2026-07-13T14:59:18
2026-05-20,milho,57.0,NA · Sindicatos e Cooperativas · Não-Me-Toque/RS,2026-07-13T14:59:28
2026-05-20,soja,113.0,NA · Sindicatos e Cooperativas · Não-Me-Toque/RS,2026-07-13T14:59:29
2026-05-20,trigo,65.0,NA · Trigo Mercado Físico · Não-Me-Toque/RS,2026-07-13T14:59:30
2026-05-21,milho,57.0,NA · Sindicatos e Cooperativas · Não-Me-Toque/RS,2026-07-13T14:59:32
2026-05-21,soja,113.0,NA · Sindicatos e Cooperativas · Não-Me-Toque/RS,2026-07-13T14:59:33
2026-05-21,trigo,65.0,NA · Trigo Mercado Físico · Não-Me-Toque/RS,2026-07-13T14:59:34
2026-05-22,milho,57.0,NA · Sindicatos e Cooperativas · Não-Me-Toque/RS,2026-07-13T14:59:35
2026-05-22,soja,113.0,NA · Sindicatos e Cooperativas · Não-Me-Toque/RS,2026-07-13T14:59:36
2026-05-22,trigo,65.0,NA · Trigo Mercado Físico · Não-Me-Toque/RS,2026-07-13T14:59:37
2026-05-25,milho,57.0,NA · Sindicatos e Cooperativas · Não-Me-Toque/RS,2026-07-13T14:59:39
2026-05-25,soja,113.0,NA · Sindicatos e Cooperativas · Não-Me-Toque/RS,2026-07-13T14:59:40
2026-05-25,trigo,65.0,NA · Trigo Mercado Físico · Não-Me-Toque/RS,2026-07-13T14:59:41
2026-05-26,milho,58.0,NA · Sindicatos e Cooperativas · Não-Me-Toque/RS,2026-07-13T14:59:42
2026-05-26,soja,113.0,NA · Sindicatos e Cooperativas · Não-Me-Toque/RS,2026-07-13T14:59:43
2026-05-26,trigo,66.0,NA · Trigo Mercado Físico · Não-Me-Toque/RS,2026-07-13T14:59:44
2026-05-27,milho,58.0,NA · Sindicatos e Cooperativas · Não-Me-Toque/RS,2026-07-13T14:59:46
2026-05-27,soja,114.0,NA · Sindicatos e Cooperativas · Não-Me-Toque/RS,2026-07-13T14:59:47
2026-05-27,trigo,66.0,NA · Trigo Mercado Físico · Não-Me-Toque/RS,2026-07-13T14:59:48
2026-05-28,milho,58.0,NA · Sindicatos e Cooperativas · Não-Me-Toque/RS,2026-07-13T14:59:49
2026-05-28,soja,114.0,NA · Sindicatos e Cooperativas · Não-Me-Toque/RS,2026-07-13T14:59:53
2026-05-28,trigo,66.0,NA · Trigo Mercado Físico · Não-Me-Toque/RS,2026-07-13T14:59:54
2026-05-29,milho,58.0,NA · Sindicatos e Cooperativas · Não-Me-Toque/RS,2026-07-13T14:59:56
2026-05-29,soja,115.0,NA · Sindicatos e Cooperativas · Não-Me-Toque/RS,2026-07-13T14:59:57
2026-05-29,trigo,66.0,NA · Trigo Mercado Físico · Não-Me-Toque/RS,2026-07-13T14:59:58
2026-06-01,milho,58.0,NA · Sindicatos e Cooperativas · Não-Me-Toque/RS,2026-07-13T15:00:00
2026-06-01,soja,115.0,NA · Sindicatos e Cooperativas · Não-Me-Toque/RS,2026-07-13T15:00:01
2026-06-01,trigo,67.0,NA · Trigo Mercado Físico · Não-Me-Toque/RS,2026-07-13T15:00:02
2026-06-02,milho,58.0,NA · Sindicatos e Cooperativas · Não-Me-Toque/RS,2026-07-13T15:00:03
2026-06-02,soja,113.0,NA · Sindicatos e Cooperativas · Não-Me-Toque/RS,2026-07-13T15:00:04
2026-06-02,trigo,67.0,NA · Trigo Mercado Físico · Não-Me-Toque/RS,2026-07-13T15:00:05
2026-06-03,milho,68.0,NA · Milho CMA · Passo Fundo/RS,2026-07-13T15:00:06
2026-06-03,soja,113.0,NA · Sindicatos e Cooperativas · Não-Me-Toque/RS,2026-07-13T15:00:07
2026-06-03,trigo,68.0,NA · Trigo Mercado Físico · Não-Me-Toque/RS,2026-07-13T15:00:08
2026-06-05,milho,68.0,NA · Milho CMA · Passo Fundo/RS,2026-07-13T15:00:12
2026-06-05,soja,113.0,NA · Sindicatos e Cooperativas · Não-Me-Toque/RS,2026-07-13T15:00:13
2026-06-05,trigo,68.0,NA · Trigo Mercado Físico · Não-Me-Toque/RS,2026-07-13T15:00:14
2026-06-08,milho,68.0,NA · Milho CMA · Passo Fundo/RS,2026-07-13T15:00:15
2026-06-08,soja,113.0,NA · Sindicatos e Cooperativas · Não-Me-Toque/RS,2026-07-13T15:00:16
2026-06-08,trigo,69.0,NA · Trigo Mercado Físico · Não-Me-Toque/RS,2026-07-13T15:00:17
2026-06-09,milho,68.0,NA · Milho CMA · Passo Fundo/RS,2026-07-13T15:00:17
2026-06-09,soja,114.0,NA · Sindicatos e Cooperativas · Não-Me-Toque/RS,2026-07-13T15:00:18
2026-06-09,trigo,69.0,NA · Trigo Mercado Físico · Não-Me-Toque/RS,2026-07-13T15:00:19
2026-06-10,milho,68.0,NA · Milho CMA · Passo Fundo/RS,2026-07-13T15:00:20
2026-06-10,soja,115.0,NA · Sindicatos e Cooperativas · Não-Me-Toque/RS,2026-07-13T15:00:21
2026-06-10,trigo,69.0,NA · Trigo Mercado Físico · Não-Me-Toque/RS,2026-07-13T15:00:22
2026-06-11,milho,68.0,NA · Milho CMA · Passo Fundo/RS,2026-07-13T15:00:23
2026-06-11,soja,114.0,NA · Sindicatos e Cooperativas · Não-Me-Toque/RS,2026-07-13T15:00:23
2026-06-11,trigo,69.0,NA · Trigo Mercado Físico · Não-Me-Toque/RS,2026-07-13T15:00:24
2026-06-12,milho,68.0,NA · Milho CMA · Passo Fundo/RS,2026-07-13T15:00:25
2026-06-12,soja,114.0,NA · Sindicatos e Cooperativas · Não-Me-Toque/RS,2026-07-13T15:00:26
2026-06-12,trigo,69.0,NA · Trigo Mercado Físico · Não-Me-Toque/RS,2026-07-13T15:00:27
2026-06-15,milho,68.0,NA · Milho CMA · Passo Fundo/RS,2026-07-13T15:00:28
2026-06-15,soja,113.0,NA · Sindicatos e Cooperativas · Não-Me-Toque/RS,2026-07-13T15:00:29
2026-06-15,trigo,69.0,NA · Trigo Mercado Físico · Não-Me-Toque/RS,2026-07-13T15:00:30
2026-06-16,milho,68.0,NA · Milho CMA · Passo Fundo/RS,2026-07-13T15:00:30
2026-06-16,soja,114.0,NA · Sindicatos e Cooperativas · Não-Me-Toque/RS,2026-07-13T15:00:31
2026-06-16,trigo,69.0,NA · Trigo Mercado Físico · Não-Me-Toque/RS,2026-07-13T15:00:32
2026-06-17,milho,68.0,NA · Milho CMA · Passo Fundo/RS,2026-07-13T15:00:33
2026-06-17,soja,114.0,NA · Sindicatos e Cooperativas · Não-Me-Toque/RS,2026-07-13T15:00:34
2026-06-17,trigo,69.0,NA · Trigo Mercado Físico · Não-Me-Toque/RS,2026-07-13T15:00:35
2026-06-18,milho,68.0,NA · Milho CMA · Passo Fundo/RS,2026-07-13T15:00:36
2026-06-18,soja,115.0,NA · Sindicatos e Cooperativas · Não-Me-Toque/RS,2026-07-13T15:00:37
2026-06-18,trigo,69.0,NA · Trigo Mercado Físico · Não-Me-Toque/RS,2026-07-13T15:00:38
2026-06-19,milho,68.0,NA · Milho CMA · Passo Fundo/RS,2026-07-13T15:00:39
2026-06-19,soja,114.0,NA · Sindicatos e Cooperativas · Não-Me-Toque/RS,2026-07-13T15:00:40
2026-06-19,trigo,69.0,NA · Trigo Mercado Físico · Não-Me-Toque/RS,2026-07-13T15:00:41
2026-06-22,milho,68.0,NA · Milho CMA · Passo Fundo/RS,2026-07-13T15:00:42
2026-06-22,soja,115.0,NA · Sindicatos e Cooperativas · Não-Me-Toque/RS,2026-07-13T15:00:43
2026-06-22,trigo,69.0,NA · Trigo Mercado Físico · Não-Me-Toque/RS,2026-07-13T15:00:44
2026-06-23,milho,68.0,NA · Milho CMA · Passo Fundo/RS,2026-07-13T15:00:45
2026-06-23,soja,116.0,NA · Sindicatos e Cooperativas · Não-Me-Toque/RS,2026-07-13T15:00:46
2026-06-23,trigo,69.0,NA · Trigo Mercado Físico · Não-Me-Toque/RS,2026-07-13T15:00:47
2026-06-24,milho,68.0,NA · Milho CMA · Passo Fundo/RS,2026-07-13T15:00:47
2026-06-24,soja,116.0,NA · Sindicatos e Cooperativas · Não-Me-Toque/RS,2026-07-13T15:00:48
2026-06-24,trigo,70.0,NA · Trigo Mercado Físico · Não-Me-Toque/RS,2026-07-13T15:00:49
2026-06-25,milho,68.0,NA · Milho CMA · Passo Fundo/RS,2026-07-13T15:00:50
2026-06-25,soja,117.0,NA · Sindicatos e Cooperativas · Não-Me-Toque/RS,2026-07-13T15:00:52
2026-06-25,trigo,70.0,NA · Trigo Mercado Físico · Não-Me-Toque/RS,2026-07-13T15:00:53
2026-06-26,milho,68.0,NA · Milho CMA · Passo Fundo/RS,2026-07-13T15:00:54
2026-06-26,soja,117.0,NA · Sindicatos e Cooperativas · Não-Me-Toque/RS,2026-07-13T15:00:55
2026-06-26,trigo,70.0,NA · Trigo Mercado Físico · Não-Me-Toque/RS,2026-07-13T15:01:00
2026-06-29,milho,68.0,NA · Milho CMA · Passo Fundo/RS,2026-07-12T16:46:42
2026-06-29,soja,117.0,NA · Sindicatos e Cooperativas · Não-Me-Toque/RS,2026-07-12T16:46:43
2026-06-29,trigo,70.0,NA · Trigo Mercado Físico · Não-Me-Toque/RS,2026-07-12T16:46:43
2026-06-30,milho,68.0,NA · Milho CMA · Passo Fundo/RS,2026-07-12T16:46:42
2026-06-30,soja,117.0,NA · Sindicatos e Cooperativas · Não-Me-Toque/RS,2026-07-12T16:46:43
2026-06-30,trigo,70.0,NA · Trigo Mercado Físico · Não-Me-Toque/RS,2026-07-12T16:46:43
2026-07-01,milho,68.5,NA · Milho CMA · Passo Fundo/RS,2026-07-12T16:46:42
2026-07-01,soja,118.0,NA · Sindicatos e Cooperativas · Não-Me-Toque/RS,2026-07-12T16:46:43
2026-07-01,trigo,70.0,NA · Trigo Mercado Físico · Não-Me-Toque/RS,2026-07-12T16:46:43
2026-07-02,milho,68.5,NA · Milho CMA · Passo Fundo/RS,2026-07-12T16:46:42
2026-07-02,soja,119.0,NA · Sindicatos e Cooperativas · Não-Me-Toque/RS,2026-07-12T16:46:43
2026-07-02,trigo,70.0,NA · Trigo Mercado Físico · Não-Me-Toque/RS,2026-07-12T16:46:43
2026-07-03,milho,68.5,NA · Milho CMA · Passo Fundo/RS,2026-07-12T16:46:42
2026-07-03,soja,119.0,NA · Sindicatos e Cooperativas · Não-Me-Toque/RS,2026-07-12T16:46:43
2026-07-03,trigo,70.0,NA · Trigo Mercado Físico · Não-Me-Toque/RS,2026-07-12T16:46:43
2026-07-06,milho,68.5,NA · Milho CMA · Passo Fundo/RS,2026-07-12T16:46:42
2026-07-06,soja,121.0,NA · Sindicatos e Cooperativas · Não-Me-Toque/RS,2026-07-12T16:46:43
2026-07-06,trigo,70.0,NA · Trigo Mercado Físico · Não-Me-Toque/RS,2026-07-12T16:46:43
2026-07-07,milho,68.5,NA · Milho CMA · Passo Fundo/RS,2026-07-12T16:46:42
2026-07-07,soja,121.0,NA · Sindicatos e Cooperativas · Não-Me-Toque/RS,2026-07-12T16:46:43
2026-07-07,trigo,70.0,NA · Trigo Mercado Físico · Não-Me-Toque/RS,2026-07-12T16:46:43
2026-07-08,milho,68.5,NA · Milho CMA · Passo Fundo/RS,2026-07-12T16:46:42
2026-07-08,soja,122.0,NA · Sindicatos e Cooperativas · Não-Me-Toque/RS,2026-07-12T16:46:43
2026-07-08,trigo,70.0,NA · Trigo Mercado Físico · Não-Me-Toque/RS,2026-07-12T16:46:43
2026-07-09,milho,68.5,NA · Milho CMA · Passo Fundo/RS,2026-07-12T16:46:42
2026-07-09,soja,122.0,NA · Sindicatos e Cooperativas · Não-Me-Toque/RS,2026-07-12T16:46:43
2026-07-09,trigo,70.0,NA · Trigo Mercado Físico · Não-Me-Toque/RS,2026-07-12T16:46:43
2026-07-10,milho,68.5,NA · Milho CMA · Passo Fundo/RS,2026-07-12T16:46:42
2026-07-10,soja,122.0,NA · Sindicatos e Cooperativas · Não-Me-Toque/RS,2026-07-12T16:46:43
2026-07-10,trigo,70.0,NA · Trigo Mercado Físico · Não-Me-Toque/RS,2026-07-12T16:46:43
